Date,Bank_Native_Country,State,Bank_Name,Bank_Local_Currency,Bank_Type,Bank_Product,Bank_Product_Type,Bank_Product_Name,Balance,Bank_Offer_Feature,Product_Term,Product_Interest,APY,Mortgage_Loan,Mortgage_Down_Payment,Min_Credit_Score_Mortagage,APR
03-08-2018,USA,New York,SUNTRUST BANKS INC,USD,BANK,Deposits,,Essential Savings,$0 ,Offline,,,,,,,
03-08-2018,USA,New York,SUNTRUST BANKS INC,USD,BANK,Deposits,,Select Savings,"$1,000 ",Offline,,0.01%,0.01%,,,,
03-08-2018,USA,New York,SUNTRUST BANKS INC,USD,BANK,Deposits,,Select Savings,"$2,499.99 or less",Offline,,,,,,,
03-08-2018,USA,New York,SUNTRUST BANKS INC,USD,BANK,Deposits,,Select Savings,"$2,500 to $9,999.99",Offline,,,,,,,
03-08-2018,USA,New York,SUNTRUST BANKS INC,USD,BANK,Deposits,,Select Savings,"$10,000 to $24,999.99",Offline,,,,,,,
03-08-2018,USA,New York,SUNTRUST BANKS INC,USD,BANK,Deposits,,Select Savings,"$25,000 to $49,999.99",Offline,,,,,,,
03-08-2018,USA,New York,SUNTRUST BANKS INC,USD,BANK,Deposits,,Select Savings,"$50,000 to $99,999.99",Offline,,,,,,,
03-08-2018,USA,New York,SUNTRUST BANKS INC,USD,BANK,Deposits,,Select Savings,"$100,000 to $249,999.99",Offline,,,,,,,
03-08-2018,USA,New York,SUNTRUST BANKS INC,USD,BANK,Deposits,,Select Savings,"$250,000 to $499,999.99",Offline,,,,,,,
03-08-2018,USA,New York,SUNTRUST BANKS INC,USD,BANK,Deposits,,Select Savings,"$500,000 to $999,999.99",Offline,,,,,,,
03-08-2018,USA,New York,SUNTRUST BANKS INC,USD,BANK,Deposits,,Select Savings,$1 million or more.,Offline,,,,,,,
03-08-2018,USA,New York,SUNTRUST BANKS INC,USD,BANK,Deposits,,CD_6 Month,"$2,000 ",Offline,6 Month,0.35%,0.35%,,,,
03-08-2018,USA,New York,SUNTRUST BANKS INC,USD,BANK,Deposits,,CD_12 Month,"$2,000 ",Offline,12 Month,1.24%,1.25%,,,,
03-08-2018,USA,New York,SUNTRUST BANKS INC,USD,BANK,Deposits,,CD_18 Month,"$2,000 ",Offline,18 Month,1.34%,1.35%,,,,
03-08-2018,USA,New York,SUNTRUST BANKS INC,USD,BANK,Deposits,,CD_24 Month,"$2,000 ",Offline,24 Month,1.73%,1.75%,,,,
03-08-2018,USA,New York,SUNTRUST BANKS INC,USD,BANK,Deposits,,CD_58 Month,"$2,000 ",Offline,58 Month,1.98%,2.00%,,,,
03-08-2018,USA,New York,SUNTRUST BANKS INC,USD,BANK,Deposits,,CD_66 Month,"$2,000 ",Offline,66 Month,2.47%,2.50%,,,,
03-08-2018,USA,New York,SUNTRUST BANKS INC,USD,BANK,Deposits,,Balanced Banking,"$3,000 ",Offline,,,,,,,
03-08-2018,USA,New York,SUNTRUST BANKS INC,USD,BANK,Deposits,,Essential Checking,$500 ,Offline,,,,,,,
03-08-2018,USA,New York,SUNTRUST BANKS INC,USD,BANK,Deposits,,Select Checking,"$2,499.99 or less",Offline,,,0.01%,,,,
03-08-2018,USA,New York,SUNTRUST BANKS INC,USD,BANK,Deposits,,Select Checking,"$2,500 to $9,999.99",Offline,,,0.01%,,,,
03-08-2018,USA,New York,SUNTRUST BANKS INC,USD,BANK,Deposits,,Select Checking,"$10,000 to $24,999.99",Offline,,,0.01%,,,,
03-08-2018,USA,New York,SUNTRUST BANKS INC,USD,BANK,Deposits,,Select Checking,"$25,000 or more.",Offline,,,0.01%,,,,
03-08-2018,USA,New York,SUNTRUST BANKS INC,USD,BANK,Deposits,,Signature Advantage Checking,"$9,999.99 or less",Offline,,,0.01%,,,,
03-08-2018,USA,New York,SUNTRUST BANKS INC,USD,BANK,Deposits,,Signature Advantage Checking,"$10,000 to $24,999.99",Offline,,,0.01%,,,,
03-08-2018,USA,New York,SUNTRUST BANKS INC,USD,BANK,Deposits,,Signature Advantage Checking,"$25,000 to $49,999.99",Offline,,,0.01%,,,,
03-08-2018,USA,New York,SUNTRUST BANKS INC,USD,BANK,Deposits,,Signature Advantage Checking,"$50,000 to $99,999.99",Offline,,,0.01%,,,,
03-08-2018,USA,New York,SUNTRUST BANKS INC,USD,BANK,Deposits,,Signature Advantage Checking,"$100,000 to $249,999.99",Offline,,,0.01%,,,,
03-08-2018,USA,New York,SUNTRUST BANKS INC,USD,BANK,Deposits,,Signature Advantage Checking,"$250,000 to $499,999.99",Offline,,,0.01%,,,,
03-08-2018,USA,New York,SUNTRUST BANKS INC,USD,BANK,Deposits,,Signature Advantage Checking,"$500,000 to $999,999.99",Offline,,,0.01%,,,,
03-08-2018,USA,New York,SUNTRUST BANKS INC,USD,BANK,Deposits,,Signature Advantage Checking,"$1,000,000 to $1,999,999.99",Offline,,,0.01%,,,,
03-08-2018,USA,New York,SUNTRUST BANKS INC,USD,BANK,Deposits,,Signature Advantage Checking,"$2,000,000 or more.",Offline,,,0.01%,,,,
03-08-2018,USA,New York,SUNTRUST BANKS INC,USD,BANK,Deposits,,Signature Advantage Brokerage,"$9,999.99 or less",Offline,,,0.01%,,,,
03-08-2018,USA,New York,SUNTRUST BANKS INC,USD,BANK,Deposits,,Signature Advantage Brokerage,"$10,000 to $24,999.99",Offline,,,0.03%,,,,
03-08-2018,USA,New York,SUNTRUST BANKS INC,USD,BANK,Deposits,,Signature Advantage Brokerage,"$100,000 to $249,999.99",Offline,,,0.05%,,,,
03-08-2018,USA,New York,SUNTRUST BANKS INC,USD,BANK,Deposits,,Signature Advantage Brokerage,"$250,000 to $499,999.99",Offline,,,0.05%,,,,
03-08-2018,USA,New York,SUNTRUST BANKS INC,USD,BANK,Deposits,,Signature Advantage Brokerage,"$500,000 to $999,999.99",Offline,,,0.05%,,,,
03-08-2018,USA,New York,SUNTRUST BANKS INC,USD,BANK,Deposits,,Signature Advantage Brokerage,"$1,000,000 to $1,999,999.99",Offline,,,0.05%,,,,
03-08-2018,USA,New York,SUNTRUST BANKS INC,USD,BANK,Deposits,,Signature Advantage Brokerage,"$2,000,000 or more.",Offline,,,0.05%,,,,
03-08-2018,USA,New York,SUNTRUST BANKS INC,USD,BANK,Mortgage,,Agency 30 Year Fixed,,Offline,30 year,4.490%,,"$200,000 ",20%,720,4.5967%
03-08-2018,USA,New York,SUNTRUST BANKS INC,USD,BANK,Mortgage,,Agency 15 Year Fixed,,Offline,15 year,3.990%,,"$200,000 ",20%,720,4.1629%
03-08-2018,USA,New York,SUNTRUST BANKS INC,USD,BANK,Mortgage,,Jumbo 30 Year Fixed,,Offline,30 year,4.625%,,"$500,000 ",25%,720,4.6727%
03-08-2018,USA,New York,SUNTRUST BANKS INC,USD,BANK,Mortgage,,Agency 30 Year 5/1 ARM,,Offline,30 year,4.125%,,"$200,000 ",20%,720,4.5992%
03-08-2018,USA,New York,SUNTRUST BANKS INC,USD,BANK,Mortgage,,Agency 30 Year 7/1 ARM,,Offline,30 year,3.990%,,"$200,000 ",20%,720,4.4603%
03-08-2018,USA,New York,SUNTRUST BANKS INC,USD,BANK,Mortgage,,FHA 30 Year Fixed,,Offline,30 year,4.400%,,"$200,000 ",4%,660,5.4812%
03-08-2018,USA,New York,SUNTRUST BANKS INC,USD,BANK,Mortgage,,VA 30 Year Fixed,,Offline,30 year,4.400%,,"$200,000 ",0%,720,4.6510%
03-08-2018,USA,New York,SUNTRUST BANKS INC,USD,BANK,Mortgage,,VA 15 Year Fixed,,Offline,15 year,4.500%,,"$200,000 ",0%,720,4.9295%
03-08-2018,USA,New York,SUNTRUST BANKS INC,USD,BANK,Mortgage,,VA 30 Year 5/1 ARM,,Offline,30 year,5.490%,,"$200,000 ",0%,720,5.0440%
03-08-2018,USA,New York,BANK OF AMERICA CORP,USD,BANK,Deposits,Savings,Rewards Savings,"Less than $2,500",Offline,,0.03%,0.03%,,,,
03-08-2018,USA,New York,BANK OF AMERICA CORP,USD,BANK,Deposits,Savings,Rewards Savings,"$2,500 and over",Offline,,0.03%,0.03%,,,,
03-08-2018,USA,New York,BANK OF AMERICA CORP,USD,BANK,Deposits,Savings,Rewards Savings Gold,"Less than $2,500",Offline,,0.04%,0.04%,,,,
03-08-2018,USA,New York,BANK OF AMERICA CORP,USD,BANK,Deposits,Savings,Rewards Savings Gold,"$2,500 and over",Offline,,0.04%,0.04%,,,,
03-08-2018,USA,New York,BANK OF AMERICA CORP,USD,BANK,Deposits,Savings,Rewards Savings Platinum,"Less than $2,500",Offline,,0.05%,0.05%,,,,
03-08-2018,USA,New York,BANK OF AMERICA CORP,USD,BANK,Deposits,Savings,Rewards Savings Platinum,"$2,500 and over",Offline,,0.05%,0.05%,,,,
03-08-2018,USA,New York,BANK OF AMERICA CORP,USD,BANK,Deposits,Savings,Rewards Savings Platinum Honors,"Less than $2,500",Offline,,0.06%,0.06%,,,,
03-08-2018,USA,New York,BANK OF AMERICA CORP,USD,BANK,Deposits,Savings,Rewards Savings Platinum Honors,"$2,500 and over",Offline,,0.06%,0.06%,,,,
03-08-2018,USA,New York,BANK OF AMERICA CORP,USD,BANK,Deposits,Savings,Banking Rewards for Wealth Management,"Less than $2,500",Offline,,0.06%,0.06%,,,,
03-08-2018,USA,New York,BANK OF AMERICA CORP,USD,BANK,Deposits,Savings,Banking Rewards for Wealth Management,"$2,500 and over",Offline,,0.06%,0.06%,,,,
03-08-2018,USA,New York,BANK OF AMERICA CORP,USD,BANK,Deposits,Checking,Bank of America Interest Checking,"Less than $50,000",Offline,,0.01%,0.01%,,,,
03-08-2018,USA,New York,BANK OF AMERICA CORP,USD,BANK,Deposits,Checking,Bank of America Interest Checking,"$50,000 - $99,999",Offline,,0.02%,0.02%,,,,
03-08-2018,USA,New York,BANK OF AMERICA CORP,USD,BANK,Deposits,Checking,Bank of America Interest Checking,"$100,000 and over",Offline,,0.02%,0.02%,,,,
03-08-2018,USA,New York,BANK OF AMERICA CORP,USD,BANK,Deposits,IRA CDs,Fixed Term CD/IRA Products,"Less than $10,000",Offline,06 - 11 Months,0.03%,0.03%,,,,
03-08-2018,USA,New York,BANK OF AMERICA CORP,USD,BANK,Deposits,IRA CDs,Fixed Term CD/IRA Products,"Less than $10,000",Offline,12 - 17 Months,0.05%,0.05%,,,,
03-08-2018,USA,New York,BANK OF AMERICA CORP,USD,BANK,Deposits,IRA CDs,Fixed Term CD/IRA Products,"Less than $10,000",Offline,18 - 23 Months,0.07%,0.07%,,,,
03-08-2018,USA,New York,BANK OF AMERICA CORP,USD,BANK,Deposits,IRA CDs,Fixed Term CD/IRA Products,"Less than $10,000",Offline,24 - 35 Months,0.1%,0.1%,,,,
03-08-2018,USA,New York,BANK OF AMERICA CORP,USD,BANK,Deposits,IRA CDs,Fixed Term CD/IRA Products,"Less than $10,000",Offline,36 - 47 Months,0.55%,0.55%,,,,
03-08-2018,USA,New York,BANK OF AMERICA CORP,USD,BANK,Deposits,IRA CDs,Fixed Term CD/IRA Products,"Less than $10,000",Offline,48 - 59 Months,0.65%,0.65%,,,,
03-08-2018,USA,New York,BANK OF AMERICA CORP,USD,BANK,Deposits,IRA CDs,Fixed Term CD/IRA Products,"Less than $10,000",Offline,60 - 119 Months,0.75%,0.75%,,,,
03-08-2018,USA,New York,BANK OF AMERICA CORP,USD,BANK,Deposits,IRA CDs,Fixed Term CD/IRA Products,"Less than $10,000",Offline,120 Months,0.75%,0.75%,,,,
03-08-2018,USA,New York,BANK OF AMERICA CORP,USD,BANK,Deposits,IRA CDs,Fixed Term CD/IRA Products,"$10,000 - $99,999",Offline,06 - 11 Months,0.03%,0.03%,,,,
03-08-2018,USA,New York,BANK OF AMERICA CORP,USD,BANK,Deposits,IRA CDs,Fixed Term CD/IRA Products,"$10,000 - $99,999",Offline,12 - 17 Months,0.05%,0.05%,,,,
03-08-2018,USA,New York,BANK OF AMERICA CORP,USD,BANK,Deposits,IRA CDs,Fixed Term CD/IRA Products,"$10,000 - $99,999",Offline,18 - 23 Months,0.07%,0.07%,,,,
03-08-2018,USA,New York,BANK OF AMERICA CORP,USD,BANK,Deposits,IRA CDs,Fixed Term CD/IRA Products,"$10,000 - $99,999",Offline,24 - 35 Months,0.1%,0.1%,,,,
03-08-2018,USA,New York,BANK OF AMERICA CORP,USD,BANK,Deposits,IRA CDs,Fixed Term CD/IRA Products,"$10,000 - $99,999",Offline,36 - 47 Months,0.55%,0.55%,,,,
03-08-2018,USA,New York,BANK OF AMERICA CORP,USD,BANK,Deposits,IRA CDs,Fixed Term CD/IRA Products,"$10,000 - $99,999",Offline,48 - 59 Months,0.65%,0.65%,,,,
03-08-2018,USA,New York,BANK OF AMERICA CORP,USD,BANK,Deposits,IRA CDs,Fixed Term CD/IRA Products,"$10,000 - $99,999",Offline,60 - 119 Months,0.75%,0.75%,,,,
03-08-2018,USA,New York,BANK OF AMERICA CORP,USD,BANK,Deposits,IRA CDs,Fixed Term CD/IRA Products,"$10,000 - $99,999",Offline,120 Months,0.75%,0.75%,,,,
03-08-2018,USA,New York,BANK OF AMERICA CORP,USD,BANK,Deposits,IRA CDs,Fixed Term CD/IRA Products,"$100,000 and over",Offline,06 - 11 Months,0.03%,0.03%,,,,
03-08-2018,USA,New York,BANK OF AMERICA CORP,USD,BANK,Deposits,IRA CDs,Fixed Term CD/IRA Products,"$100,000 and over",Offline,12 - 17 Months,0.05%,0.05%,,,,
03-08-2018,USA,New York,BANK OF AMERICA CORP,USD,BANK,Deposits,IRA CDs,Fixed Term CD/IRA Products,"$100,000 and over",Offline,18 - 23 Months,0.07%,0.07%,,,,
03-08-2018,USA,New York,BANK OF AMERICA CORP,USD,BANK,Deposits,IRA CDs,Fixed Term CD/IRA Products,"$100,000 and over",Offline,24 - 35 Months,0.1%,0.1%,,,,
03-08-2018,USA,New York,BANK OF AMERICA CORP,USD,BANK,Deposits,IRA CDs,Fixed Term CD/IRA Products,"$100,000 and over",Offline,36 - 47 Months,0.55%,0.55%,,,,
03-08-2018,USA,New York,BANK OF AMERICA CORP,USD,BANK,Deposits,IRA CDs,Fixed Term CD/IRA Products,"$100,000 and over",Offline,120 Months,0.75%,0.75%,,,,
03-08-2018,USA,New York,JP MORGAN CHASE & Co.,USD,BANK,Deposits,Checking,Chase Premier Platinum Checking SM,"$0-$24,999",Offline,,0.01%,0.01%,,,,
03-08-2018,USA,New York,JP MORGAN CHASE & Co.,USD,BANK,Deposits,Checking,Chase Premier Platinum Checking SM,"$25,000-$49,999",Offline,,0.01%,0.01%,,,,
03-08-2018,USA,New York,JP MORGAN CHASE & Co.,USD,BANK,Deposits,Checking,Chase Premier Platinum Checking SM,"$50,000+",Offline,,0.01%,0.01%,,,,
03-08-2018,USA,New York,JP MORGAN CHASE & Co.,USD,BANK,Deposits,Checking,Chase Premier Plus Checking SM,"$0-$4,999",Offline,,0.01%,0.01%,,,,
03-08-2018,USA,New York,JP MORGAN CHASE & Co.,USD,BANK,Deposits,Checking,Chase Premier Plus Checking SM,"$5,000-$9,999",Offline,,0.01%,0.01%,,,,
03-08-2018,USA,New York,JP MORGAN CHASE & Co.,USD,BANK,Deposits,Checking,Chase Premier Plus Checking SM,"$10,000-$24,999",Offline,,0.01%,0.01%,,,,
03-08-2018,USA,New York,JP MORGAN CHASE & Co.,USD,BANK,Deposits,Checking,Chase Premier Plus Checking SM,"$25,000+",Offline,,0.01%,0.01%,,,,
03-08-2018,USA,New York,JP MORGAN CHASE & Co.,USD,BANK,Deposits,Savings,Chase Savings SM,All Your Balances,Offline,,0.01%,0.01%,,,,
03-08-2018,USA,New York,JP MORGAN CHASE & Co.,USD,BANK,Deposits,Savings,Chase Premier Savings,"$0-$9,999",Offline,,0.01%,0.01%,,,,
03-08-2018,USA,New York,JP MORGAN CHASE & Co.,USD,BANK,Deposits,Savings,Chase Premier Savings,"$10,000-$24,999",Offline,,0.01%,0.01%,,,,
03-08-2018,USA,New York,JP MORGAN CHASE & Co.,USD,BANK,Deposits,Savings,Chase Premier Savings,"$25,000-$49,999",Offline,,0.01%,0.01%,,,,
03-08-2018,USA,New York,JP MORGAN CHASE & Co.,USD,BANK,Deposits,Savings,Chase Premier Savings,"$50,000-$99,999",Offline,,0.01%,0.01%,,,,
03-08-2018,USA,New York,JP MORGAN CHASE & Co.,USD,BANK,Deposits,Savings,Chase Premier Savings,"$100,000-$249,999",Offline,,0.01%,0.01%,,,,
03-08-2018,USA,New York,JP MORGAN CHASE & Co.,USD,BANK,Deposits,Savings,Chase Premier Savings,"$250,000-$499,999",Offline,,0.01%,0.01%,,,,
03-08-2018,USA,New York,JP MORGAN CHASE & Co.,USD,BANK,Deposits,Savings,Chase Premier Savings,"$500,000-$999,999",Offline,,0.01%,0.01%,,,,
03-08-2018,USA,New York,JP MORGAN CHASE & Co.,USD,BANK,Deposits,Savings,Chase Premier Savings,"$1,000,000-$4,999,999",Offline,,0.01%,0.01%,,,,
03-08-2018,USA,New York,JP MORGAN CHASE & Co.,USD,BANK,Deposits,Savings,Chase Premier Savings,"$5,000,000-$9,999,999",Offline,,0.01%,0.01%,,,,
03-08-2018,USA,New York,JP MORGAN CHASE & Co.,USD,BANK,Deposits,Savings,Chase Premier Savings,"$10,000,000+ 1",Offline,,0.01%,0.01%,,,,
03-08-2018,USA,New York,JP MORGAN CHASE & Co.,USD,BANK,Deposits,CDs,CERTIFICATES OF DEPOSIT (CD) ,,Offline,18-20 (Months),0.05%,0.05%,,,,
03-08-2018,USA,New York,JP MORGAN CHASE & Co.,USD,BANK,Deposits,CDs,CERTIFICATES OF DEPOSIT (CD) ,,Offline,36-41 (Months),0.05%,0.05%,,,,
03-08-2018,USA,New York,JP MORGAN CHASE & Co.,USD,BANK,Deposits,CDs,CERTIFICATES OF DEPOSIT (CD) ,,Offline,120 (Months),0.7000000000000001%,0.7000000000000001%,,,,
03-08-2018,USA,New York,JP MORGAN CHASE & Co.,USD,BANK,Deposits,CDs,CERTIFICATES OF DEPOSIT (CD) ,,Offline,1 (31 days),0.01%,0.01%,,,,
03-08-2018,USA,New York,JP MORGAN CHASE & Co.,USD,BANK,Deposits,CDs,CERTIFICATES OF DEPOSIT (CD) ,,Offline,2 (Months),0.01%,0.01%,,,,
03-08-2018,USA,New York,JP MORGAN CHASE & Co.,USD,BANK,Deposits,CDs,CERTIFICATES OF DEPOSIT (CD) ,,Offline,03-05 (Months),0.01%,0.01%,,,,
03-08-2018,USA,New York,JP MORGAN CHASE & Co.,USD,BANK,Deposits,CDs,CERTIFICATES OF DEPOSIT (CD) ,,Offline,06-08 (Months),0.01%,0.01%,,,,
03-08-2018,USA,New York,JP MORGAN CHASE & Co.,USD,BANK,Deposits,CDs,CERTIFICATES OF DEPOSIT (CD) ,,Offline,09-11 (Months),0.01%,0.01%,,,,
03-08-2018,USA,New York,JP MORGAN CHASE & Co.,USD,BANK,Deposits,CDs,CERTIFICATES OF DEPOSIT (CD) ,,Offline,12-14 (Months),0.01%,0.01%,,,,
03-08-2018,USA,New York,JP MORGAN CHASE & Co.,USD,BANK,Deposits,CDs,CERTIFICATES OF DEPOSIT (CD) ,,Offline,15-17 (Months),0.01%,0.01%,,,,
03-08-2018,USA,New York,JP MORGAN CHASE & Co.,USD,BANK,Deposits,CDs,CERTIFICATES OF DEPOSIT (CD) ,,Offline,21-23 (Months),0.05%,0.05%,,,,
03-08-2018,USA,New York,JP MORGAN CHASE & Co.,USD,BANK,Deposits,CDs,CERTIFICATES OF DEPOSIT (CD) ,,Offline,24-29 (Months),0.05%,0.05%,,,,
03-08-2018,USA,New York,JP MORGAN CHASE & Co.,USD,BANK,Deposits,CDs,CERTIFICATES OF DEPOSIT (CD) ,,Offline,30-35 (Months),0.05%,0.05%,,,,
03-08-2018,USA,New York,JP MORGAN CHASE & Co.,USD,BANK,Deposits,CDs,CERTIFICATES OF DEPOSIT (CD) ,,Offline,42-47 (Months),0.1%,0.1%,,,,
03-08-2018,USA,New York,JP MORGAN CHASE & Co.,USD,BANK,Deposits,CDs,CERTIFICATES OF DEPOSIT (CD) ,,Offline,48-59 (Months),0.1%,0.1%,,,,
03-08-2018,USA,New York,JP MORGAN CHASE & Co.,USD,BANK,Deposits,CDs,CERTIFICATES OF DEPOSIT (CD) ,,Offline,60-83 (Months),0.25%,0.25%,,,,
03-08-2018,USA,New York,ALLY,USD,BANK,Deposits,Savings,Online Savings,,Online,,,1.45%,,,,
03-08-2018,USA,New York,ALLY,USD,BANK,Deposits,Savings,Money Market,"Less than $5,000 opening deposit",Online,,,0.90%,,,,
03-08-2018,USA,New York,ALLY,USD,BANK,Deposits,Savings,Money Market,"$5,000 minimum opening deposit",Online,,,0.90%,,,,
03-08-2018,USA,New York,ALLY,USD,BANK,Deposits,Savings,Money Market,"$25,000 minimum opening deposit",Online,,,1.00%,,,,
03-08-2018,USA,New York,ALLY,USD,BANK,Deposits,CDs,High Yield CDs_3 month,"Less than $5,000",Online,3 month,,1.00%,,,,
03-08-2018,USA,New York,ALLY,USD,BANK,Deposits,CDs,High Yield CDs_6 month,"Less than $5,000",Online,6 month,,1.50%,,,,
03-08-2018,USA,New York,ALLY,USD,BANK,Deposits,CDs,High Yield CDs_9 month,"Less than $5,000",Online,9 month,,1.55%,,,,
03-08-2018,USA,New York,ALLY,USD,BANK,Deposits,CDs,High Yield CDs_12 month,"Less than $5,000",Online,12 month,,1.75%,,,,
03-08-2018,USA,New York,ALLY,USD,BANK,Deposits,CDs,High Yield CDs_18 month,"Less than $5,000",Online,18 month,,1.80%,,,,
03-08-2018,USA,New York,ALLY,USD,BANK,Deposits,CDs,High Yield CDs_3 year,"Less than $5,000",Online,3 year,,1.85%,,,,
03-08-2018,USA,New York,ALLY,USD,BANK,Deposits,CDs,High Yield CDs_5 year,"Less than $5,000",Online,5 year,,2.25%,,,,
03-08-2018,USA,New York,ALLY,USD,BANK,Deposits,CDs,High Yield CDs_3 month,"$5,000-$24,999.99",Online,3 month,,1.25%,,,,
03-08-2018,USA,New York,ALLY,USD,BANK,Deposits,CDs,High Yield CDs_6 month,"$5,000-$24,999.99",Online,6 month,,1.60%,,,,
03-08-2018,USA,New York,ALLY,USD,BANK,Deposits,CDs,High Yield CDs_9 month,"$5,000-$24,999.99",Online,9 month,,1.65%,,,,
03-08-2018,USA,New York,ALLY,USD,BANK,Deposits,CDs,High Yield CDs_12 month,"$5,000-$24,999.99",Online,12 month,,1.85%,,,,
03-08-2018,USA,New York,ALLY,USD,BANK,Deposits,CDs,High Yield CDs_18 month,"$5,000-$24,999.99",Online,18 month,,1.95%,,,,
03-08-2018,USA,New York,ALLY,USD,BANK,Deposits,CDs,High Yield CDs_3 year,"$5,000-$24,999.99",Online,3 year,,2.00%,,,,
03-08-2018,USA,New York,ALLY,USD,BANK,Deposits,CDs,High Yield CDs_5 year,"$5,000-$24,999.99",Online,5 year,,2.40%,,,,
03-08-2018,USA,New York,ALLY,USD,BANK,Deposits,CDs,High Yield CDs_3 month,"$25,000 or more",Online,3 month,,1.50%,,,,
03-08-2018,USA,New York,ALLY,USD,BANK,Deposits,CDs,High Yield CDs_6 month,"$25,000 or more",Online,6 month,,1.75%,,,,
03-08-2018,USA,New York,ALLY,USD,BANK,Deposits,CDs,High Yield CDs_9 month,"$25,000 or more",Online,9 month,,1.80%,,,,
03-08-2018,USA,New York,ALLY,USD,BANK,Deposits,CDs,High Yield CDs_12 month,"$25,000 or more",Online,12 month,,2.00%,,,,
03-08-2018,USA,New York,ALLY,USD,BANK,Deposits,CDs,High Yield CDs_18 month,"$25,000 or more",Online,18 month,,2.05%,,,,
03-08-2018,USA,New York,ALLY,USD,BANK,Deposits,CDs,High Yield CDs_3 year,"$25,000 or more",Online,3 year,,2.10%,,,,
03-08-2018,USA,New York,ALLY,USD,BANK,Deposits,CDs,High Yield CDs_5 year,"$25,000 or more",Online,5 year,,2.50%,,,,
03-08-2018,USA,New York,ALLY,USD,BANK,Deposits,CDs,Raise Your Rate CDs_2 year,"Less than $5,000",Online,2 year,,2.00%,,,,
03-08-2018,USA,New York,ALLY,USD,BANK,Deposits,CDs,Raise Your Rate CDs_4 year,"Less than $5,000",Online,4 year,,2.00%,,,,
03-08-2018,USA,New York,ALLY,USD,BANK,Deposits,CDs,Raise Your Rate CDs_2 year,"$5,000-$24,999.99",Online,2 year,,2.00%,,,,
03-08-2018,USA,New York,ALLY,USD,BANK,Deposits,CDs,Raise Your Rate CDs_4 year,"$5,000-$24,999.99",Online,4 year,,2.00%,,,,
03-08-2018,USA,New York,ALLY,USD,BANK,Deposits,CDs,Raise Your Rate CDs_2 year,"$25,000 or more",Online,2 year,,2.00%,,,,
03-08-2018,USA,New York,ALLY,USD,BANK,Deposits,CDs,Raise Your Rate CDs_4 year,"$25,000 or more",Online,4 year,,2.00%,,,,
03-08-2018,USA,New York,ALLY,USD,BANK,Deposits,CDs,No Penalty CD_11 month,"Less than $5,000",Online,11 month,,1.15%,,,,
03-08-2018,USA,New York,ALLY,USD,BANK,Deposits,CDs,No Penalty CD_11 month,"$5,000-$24,999.99",Online,11 month,,1.25%,,,,
03-08-2018,USA,New York,ALLY,USD,BANK,Deposits,CDs,No Penalty CD_11 month,"$25,000 or more",Online,11 month,,1.50%,,,,
03-08-2018,USA,New York,ALLY,USD,BANK,Mortgage,,Fixed Rate Mortgage _ 30-yr,,Online,360 Months,4.625%,,"300,000.00",20%,720+,4.637%
03-08-2018,USA,New York,ALLY,USD,BANK,Mortgage,,Fixed Rate Mortgage _ 30-yr,,Online,360 Months,4.500%,,"300,000.00",20%,720+,4.552%
03-08-2018,USA,New York,ALLY,USD,BANK,Mortgage,,Fixed Rate Mortgage _ 30-yr,,Online,360 Months,4.375%,,"300,000.00",20%,720+,4.473%
03-08-2018,USA,New York,ALLY,USD,BANK,Mortgage,,Fixed Rate Mortgage _ 25-yr,,Online,300 Months,4.625%,,"300,000.00",20%,720+,4.652%
03-08-2018,USA,New York,ALLY,USD,BANK,Mortgage,,Fixed Rate Mortgage _ 25-yr,,Online,300 Months,4.500%,,"300,000.00",20%,720+,4.572%
03-08-2018,USA,New York,ALLY,USD,BANK,Mortgage,,Fixed Rate Mortgage _ 25-yr,,Online,300 Months,4.375%,,"300,000.00",20%,720+,4.501%
03-08-2018,USA,New York,ALLY,USD,BANK,Mortgage,,Fixed Rate Mortgage _ 20-yr,,Online,240 Months,4.375%,,"300,000.00",20%,720+,4.407%
03-08-2018,USA,New York,ALLY,USD,BANK,Mortgage,,Fixed Rate Mortgage _ 20-yr,,Online,240 Months,4.250%,,"300,000.00",20%,720+,4.329%
03-08-2018,USA,New York,ALLY,USD,BANK,Mortgage,,Fixed Rate Mortgage _ 20-yr,,Online,240 Months,4.125%,,"300,000.00",20%,720+,4.295%
03-08-2018,USA,New York,ALLY,USD,BANK,Mortgage,,Fixed Rate Mortgage _ 15-yr,,Online,180 Months,4.125%,,"300,000.00",20%,720+,4.134%
03-08-2018,USA,New York,ALLY,USD,BANK,Mortgage,,Fixed Rate Mortgage _ 15-yr,,Online,180 Months,4.000%,,"300,000.00",20%,720+,4.091%
03-08-2018,USA,New York,ALLY,USD,BANK,Mortgage,,Fixed Rate Mortgage _ 15-yr,,Online,180 Months,3.875%,,"300,000.00",20%,720+,4.038%
03-08-2018,USA,New York,ALLY,USD,BANK,Mortgage,,Fixed Rate Mortgage _ 10-yr,,Online,120 Months,4.125%,,"300,000.00",20%,720+,4.192%
03-08-2018,USA,New York,ALLY,USD,BANK,Mortgage,,Fixed Rate Mortgage _ 10-yr,,Online,120 Months,4.000%,,"300,000.00",20%,720+,4.131%
03-08-2018,USA,New York,ALLY,USD,BANK,Mortgage,,Fixed Rate Mortgage _ 10-yr,,Online,120 Months,3.875%,,"300,000.00",20%,720+,4.081%
03-08-2018,USA,New York,ALLY,USD,BANK,Mortgage,,Fixed Rate Mortgage _ 10-yr,,Online,120 Months,3.750%,,"300,000.00",20%,720+,4.029%
03-08-2018,USA,New York,ALLY,USD,BANK,Mortgage,,Adjustable Rate Mortgage _ 10/1,,Online,360 Months,4.500%,,"300,000.00",20%,720+,4.621%
03-08-2018,USA,New York,ALLY,USD,BANK,Mortgage,,Adjustable Rate Mortgage _ 10/1,,Online,360 Months,4.375%,,"300,000.00",20%,720+,4.557%
03-08-2018,USA,New York,ALLY,USD,BANK,Mortgage,,Adjustable Rate Mortgage _ 10/1,,Online,360 Months,4.250%,,"300,000.00",20%,720+,4.487%
03-08-2018,USA,New York,ALLY,USD,BANK,Mortgage,,Adjustable Rate Mortgage _ 10/1,,Online,360 Months,4.125%,,"300,000.00",20%,720+,4.413%
03-08-2018,USA,New York,ALLY,USD,BANK,Mortgage,,Adjustable Rate Mortgage _ 10/1,,Online,360 Months,4.000%,,"300,000.00",20%,720+,4.347%
03-08-2018,USA,New York,ALLY,USD,BANK,Mortgage,,Adjustable Rate Mortgage _ 10/1,,Online,360 Months,3.875%,,"300,000.00",20%,720+,4.280%
03-08-2018,USA,New York,ALLY,USD,BANK,Mortgage,,Adjustable Rate Mortgage _ 10/1,,Online,360 Months,3.750%,,"300,000.00",20%,720+,4.247%
03-08-2018,USA,New York,ALLY,USD,BANK,Mortgage,,Adjustable Rate Mortgage _ 7/1,,Online,360 Months,4.500%,,"300,000.00",20%,720+,4.664%
03-08-2018,USA,New York,ALLY,USD,BANK,Mortgage,,Adjustable Rate Mortgage _ 7/1,,Online,360 Months,4.375%,,"300,000.00",20%,720+,4.616%
03-08-2018,USA,New York,ALLY,USD,BANK,Mortgage,,Adjustable Rate Mortgage _ 7/1,,Online,360 Months,4.250%,,"300,000.00",20%,720+,4.563%
03-08-2018,USA,New York,ALLY,USD,BANK,Mortgage,,Adjustable Rate Mortgage _ 7/1,,Online,360 Months,4.125%,,"300,000.00",20%,720+,4.506%
03-08-2018,USA,New York,ALLY,USD,BANK,Mortgage,,Adjustable Rate Mortgage _ 7/1,,Online,360 Months,4.000%,,"300,000.00",20%,720+,4.456%
03-08-2018,USA,New York,ALLY,USD,BANK,Mortgage,,Adjustable Rate Mortgage _ 7/1,,Online,360 Months,3.875%,,"300,000.00",20%,720+,4.406%
03-08-2018,USA,New York,ALLY,USD,BANK,Mortgage,,Adjustable Rate Mortgage _ 7/1,,Online,360 Months,3.750%,,"300,000.00",20%,720+,4.385%
03-08-2018,USA,New York,ALLY,USD,BANK,Mortgage,,Adjustable Rate Mortgage _ 5/1,,Online,360 Months,4.500%,,"300,000.00",20%,720+,4.689%
03-08-2018,USA,New York,ALLY,USD,BANK,Mortgage,,Adjustable Rate Mortgage _ 5/1,,Online,360 Months,4.375%,,"300,000.00",20%,720+,4.654%
03-08-2018,USA,New York,ALLY,USD,BANK,Mortgage,,Adjustable Rate Mortgage _ 5/1,,Online,360 Months,4.250%,,"300,000.00",20%,720+,4.619%
03-08-2018,USA,New York,ALLY,USD,BANK,Mortgage,,Adjustable Rate Mortgage _ 5/1,,Online,360 Months,4.125%,,"300,000.00",20%,720+,4.583%
03-08-2018,USA,New York,ALLY,USD,BANK,Mortgage,,Adjustable Rate Mortgage _ 5/1,,Online,360 Months,3.750%,,"300,000.00",20%,720+,4.500%
03-08-2018,USA,New York,BANK OF AMERICA CORP,USD,BANK,Mortgage,Mortgage,30-year fixed,,offline,30 yrs ,4.38%,,"$100,000 ",20%,740,4.73%
03-08-2018,USA,New York,BANK OF AMERICA CORP,USD,BANK,Mortgage,Mortgage,20-year fixed,,offline,20 yrs ,4.25%,,"$100,000 ",20%,740,4.75%
03-08-2018,USA,New York,BANK OF AMERICA CORP,USD,BANK,Mortgage,Mortgage,15-year fixed,,offline,15 yrs ,4.00%,,"$100,000 ",20%,740,4.66%
03-08-2018,USA,New York,BANK OF AMERICA CORP,USD,BANK,Mortgage,Mortgage,10/1 ARM,,offline,30 yrs ,4.25%,,"$100,000 ",20%,740,4.81%
03-08-2018,USA,New York,BANK OF AMERICA CORP,USD,BANK,Mortgage,Mortgage,7/1 ARM,,offline,30 yrs ,4.00%,,"$100,000 ",20%,740,4.76%
03-08-2018,USA,New York,BANK OF AMERICA CORP,USD,BANK,Mortgage,Mortgage,5/1 ARM,,offline,30 yrs ,3.88%,,"$100,000 ",20%,740,4.80%
03-08-2018,USA,New York,BANK OF AMERICA CORP,USD,BANK,Mortgage,Mortgage,30-year fixed,,offline,30 yrs ,4.25%,,"$300,000 ",20%,740,4.40%
03-08-2018,USA,New York,BANK OF AMERICA CORP,USD,BANK,Mortgage,Mortgage,20-year fixed,,offline,20 yrs ,4.13%,,"$300,000 ",20%,740,4.33%
03-08-2018,USA,New York,BANK OF AMERICA CORP,USD,BANK,Mortgage,Mortgage,15-year fixed,,offline,15 yrs ,3.88%,,"$300,000 ",20%,740,4.17%
03-08-2018,USA,New York,BANK OF AMERICA CORP,USD,BANK,Mortgage,Mortgage,10/1 ARM,,offline,30 yrs ,4.00%,,"$300,000 ",20%,740,4.45%
03-08-2018,USA,New York,BANK OF AMERICA CORP,USD,BANK,Mortgage,Mortgage,7/1 ARM,,offline,30 yrs ,3.75%,,"$300,000 ",20%,740,4.43%
03-08-2018,USA,New York,BANK OF AMERICA CORP,USD,BANK,Mortgage,Mortgage,5/1 ARM,,offline,30 yrs ,3.63%,,"$300,000 ",20%,740,4.50%
03-08-2018,USA,New York,BANK OF AMERICA CORP,USD,BANK,Mortgage,Mortgage,30-year fixed,,offline,30 yrs ,4.38%,,"$500,000 ",20%,740,4.47%
03-08-2018,USA,New York,BANK OF AMERICA CORP,USD,BANK,Mortgage,Mortgage,20-year fixed,,offline,20 yrs ,,,"$500,000 ",20%,740,
03-08-2018,USA,New York,BANK OF AMERICA CORP,USD,BANK,Mortgage,Mortgage,15-year fixed,,offline,15 yrs ,4.13%,,"$500,000 ",20%,740,4.32%
03-08-2018,USA,New York,BANK OF AMERICA CORP,USD,BANK,Mortgage,Mortgage,10/1 ARM,,offline,30 yrs ,,,"$500,000 ",20%,740,
03-08-2018,USA,New York,BANK OF AMERICA CORP,USD,BANK,Mortgage,Mortgage,7/1 ARM,,offline,30 yrs ,4.50%,,"$500,000 ",20%,740,4.76%
03-08-2018,USA,New York,BANK OF AMERICA CORP,USD,BANK,Mortgage,Mortgage,5/1 ARM,,offline,30 yrs ,4.50%,,"$500,000 ",20%,740,4.79%
03-08-2018,USA,New York,CAPITAL ONE,USD,BANK,Deposits,Savings,360 Money Market,"less than $10,000.00",Online/Mobile,,0.847%,0.850%,,,,
03-08-2018,USA,New York,CAPITAL ONE,USD,BANK,Deposits,Savings,360 Money Market,"more than $10,000.00",Online/Mobile,,1.490%,1.500%,,,,
03-08-2018,USA,New York,CAPITAL ONE,USD,BANK,Deposits,Savings,360 Savings,0,Online/Mobile,,0.995%,1.000%,,,,
03-08-2018,USA,New York,CAPITAL ONE,USD,BANK,Deposits,Savings,360 IRA Savings Traditional,0,Online/Mobile,,0.995%,1.000%,,,,
03-08-2018,USA,New York,CAPITAL ONE,USD,BANK,Deposits,Savings,360 IRA Savings Roth,$0.00 ,Online/Mobile,,0.995%,1.000%,,,,
03-08-2018,USA,New York,CAPITAL ONE,USD,BANK,Deposits,CDs,360 CDs 12 months,$0 ,Online/Mobile,,,2.000%,,,,
03-08-2018,USA,New York,CAPITAL ONE,USD,BANK,Deposits,CDs,360 CDs 12 months,0 - 1000000,Online/Mobile,6 Month,0.399%,0.400%,,,,
03-08-2018,USA,New York,CAPITAL ONE,USD,BANK,Deposits,CDs,360 CDs 12 months,,Online/Mobile,12 Month,1.982%,2.000%,,,,
03-08-2018,USA,New York,CAPITAL ONE,USD,BANK,Deposits,CDs,360 CDs 12 months,,Online/Mobile,36 Month,2.276%,2.300%,,,,
03-08-2018,USA,New York,CAPITAL ONE,USD,BANK,Deposits,CDs,360 CDs 24 months,$0 ,Online/Mobile,,,2.200%,,,,
03-08-2018,USA,New York,CAPITAL ONE,USD,BANK,Deposits,CDs,360 CDs 24 months,0 - 1000000,Online/Mobile,6 Month,0.399%,0.400%,,,,
03-08-2018,USA,New York,CAPITAL ONE,USD,BANK,Deposits,CDs,360 CDs 24 months,,Online/Mobile,12 Month,1.982%,2.000%,,,,
03-08-2018,USA,New York,CAPITAL ONE,USD,BANK,Deposits,CDs,360 CDs 24 months,,Online/Mobile,36 Month,2.276%,2.300%,,,,
03-08-2018,USA,New York,CAPITAL ONE,USD,BANK,Deposits,CDs,360 CDs 60 months,$0 ,Online/Mobile,,,2.650%,,,,
03-08-2018,USA,New York,CAPITAL ONE,USD,BANK,Deposits,CDs,360 CDs 60 months,0 - 1000000,Online/Mobile,6 Month,0.399%,0.400%,,,,
03-08-2018,USA,New York,CAPITAL ONE,USD,BANK,Deposits,CDs,360 CDs 60 months,,Online/Mobile,12 Month,1.982%,2.000%,,,,
03-08-2018,USA,New York,CAPITAL ONE,USD,BANK,Deposits,CDs,360 CDs 60 months,,Online/Mobile,36 Month,2.276%,2.300%,,,,
03-08-2018,USA,New York,CAPITAL ONE,USD,BANK,Deposits,IRA CDs,360 IRA CDs Traditional,$0 ,Online/Mobile,,,0.40 %-2.65 %,,,,
03-08-2018,USA,New York,CAPITAL ONE,USD,BANK,Deposits,IRA CDs,360 IRA CDs Traditional,0,Online/Mobile,6 Months,0.399%,0.400%,,,,
03-08-2018,USA,New York,CAPITAL ONE,USD,BANK,Deposits,IRA CDs,360 IRA CDs Traditional,,Online/Mobile,12 Months,1.982%,2.000%,,,,
03-08-2018,USA,New York,CAPITAL ONE,USD,BANK,Deposits,IRA CDs,360 IRA CDs Traditional,,Online/Mobile,36 Months,2.276%,2.300%,,,,
03-08-2018,USA,New York,CAPITAL ONE,USD,BANK,Deposits,IRA CDs,360 IRA CDs Roth,$0 ,Online/Mobile,,,0.40 %-2.65 %,,,,
03-08-2018,USA,New York,CAPITAL ONE,USD,BANK,Deposits,IRA CDs,360 IRA CDs Roth,0,Online/Mobile,6 Months,0.399%,0.400%,,,,
03-08-2018,USA,New York,CAPITAL ONE,USD,BANK,Deposits,IRA CDs,360 IRA CDs Roth,,Online/Mobile,12 Months,1.982%,2.000%,,,,
03-08-2018,USA,New York,CAPITAL ONE,USD,BANK,Deposits,IRA CDs,360 IRA CDs Roth,,Online/Mobile,36 Months,2.276%,2.300%,,,,
03-08-2018,USA,New York,CITIGROUP INC,USD,BANK,Deposits,Checking Account,Interest Checking Account,"Below $25,000",offline,,0.01%,0.01%,,,,
03-08-2018,USA,New York,CITIGROUP INC,USD,BANK,Deposits,Checking Account,Interest Checking Account,"$25,000-$49,999.99",offline,,0.01%,0.01%,,,,
03-08-2018,USA,New York,CITIGROUP INC,USD,BANK,Deposits,Checking Account,Interest Checking Account,"$50,000+",offline,,0.01%,0.01%,,,,
03-08-2018,USA,New York,CITIGROUP INC,USD,BANK,Deposits,Savings Account,Citibank Account Package1,"Below $10,000",offline,,0.04%,0.04%,,,,
03-08-2018,USA,New York,CITIGROUP INC,USD,BANK,Deposits,Savings Account,Citibank Account Package1,"$10,000-$24,999.99",offline,,0.04%,0.04%,,,,
03-08-2018,USA,New York,CITIGROUP INC,USD,BANK,Deposits,Savings Account,Citibank Account Package1,"$25,000-$49,999.99",offline,,0.08%,0.08%,,,,
03-08-2018,USA,New York,CITIGROUP INC,USD,BANK,Deposits,Savings Account,Citibank Account Package1,"$50,000-$99,999.99",offline,,0.08%,0.08%,,,,
03-08-2018,USA,New York,CITIGROUP INC,USD,BANK,Deposits,Savings Account,Citibank Account Package1,"$100,000-$499,999.99",offline,,0.10%,0.10%,,,,
03-08-2018,USA,New York,CITIGROUP INC,USD,BANK,Deposits,Savings Account,Citibank Account Package1,"$500,000-$999,999.99",offline,,0.13%,0.13%,,,,
03-08-2018,USA,New York,CITIGROUP INC,USD,BANK,Deposits,Savings Account,Citibank Account Package1,"$1,000,000+",offline,,0.13%,0.13%,,,,
03-08-2018,USA,New York,CITIGROUP INC,USD,BANK,Deposits,Savings Account,Basic Banking Package,"Below $10,000",offline,,0.04%,0.04%,,,,
03-08-2018,USA,New York,CITIGROUP INC,USD,BANK,Deposits,Savings Account,Basic Banking Package,"$10,000-$24,999.99",offline,,0.04%,0.04%,,,,
03-08-2018,USA,New York,CITIGROUP INC,USD,BANK,Deposits,Savings Account,Basic Banking Package,"$25,000-$49,999.99",offline,,0.06%,0.06%,,,,
03-08-2018,USA,New York,CITIGROUP INC,USD,BANK,Deposits,Savings Account,Basic Banking Package,"$50,000-$99,999.99",offline,,0.06%,0.06%,,,,
03-08-2018,USA,New York,CITIGROUP INC,USD,BANK,Deposits,Savings Account,Basic Banking Package,"$100,000-$499,999.99",offline,,0.06%,0.06%,,,,
03-08-2018,USA,New York,CITIGROUP INC,USD,BANK,Deposits,Savings Account,Basic Banking Package,"$500,000-$999,999.99",offline,,0.06%,0.06%,,,,
03-08-2018,USA,New York,CITIGROUP INC,USD,BANK,Deposits,Savings Account,Basic Banking Package,"$1,000,000+",offline,,0.06%,0.06%,,,,
03-08-2018,USA,New York,CITIGROUP INC,USD,BANK,Deposits,Savings Account,Access Account Package,"Below $10,000",offline,,0.04%,0.04%,,,,
03-08-2018,USA,New York,CITIGROUP INC,USD,BANK,Deposits,Savings Account,Access Account Package,"$10,000-$24,999.99",offline,,0.04%,0.04%,,,,
03-08-2018,USA,New York,CITIGROUP INC,USD,BANK,Deposits,Savings Account,Access Account Package,"$25,000-$49,999.99",offline,,0.06%,0.06%,,,,
03-08-2018,USA,New York,CITIGROUP INC,USD,BANK,Deposits,Savings Account,Access Account Package,"$50,000-$99,999.99",offline,,0.06%,0.06%,,,,
03-08-2018,USA,New York,CITIGROUP INC,USD,BANK,Deposits,Savings Account,Access Account Package,"$100,000-$499,999.99",offline,,0.06%,0.06%,,,,
03-08-2018,USA,New York,CITIGROUP INC,USD,BANK,Deposits,Savings Account,Access Account Package,"$500,000-$999,999.99",offline,,0.06%,0.06%,,,,
03-08-2018,USA,New York,CITIGROUP INC,USD,BANK,Deposits,Savings Account,Access Account Package,"$1,000,000+",offline,,0.06%,0.06%,,,,
03-08-2018,USA,New York,CITIGROUP INC,USD,BANK,Deposits,CDs,3 months,"Below $10,000",offline,3 months,0.05%,0.05%,,,,
03-08-2018,USA,New York,CITIGROUP INC,USD,BANK,Deposits,CDs,3 months,"$10,000-$24,999.99",offline,3 months,0.05%,0.05%,,,,
03-08-2018,USA,New York,CITIGROUP INC,USD,BANK,Deposits,CDs,3 months,"$25,000-$49,999.99",offline,3 months,0.05%,0.05%,,,,
03-08-2018,USA,New York,CITIGROUP INC,USD,BANK,Deposits,CDs,3 months,"$50,000-$99,999.99",offline,3 months,0.05%,0.05%,,,,
03-08-2018,USA,New York,CITIGROUP INC,USD,BANK,Deposits,CDs,3 months,"$100,000-$499,999.99",offline,3 months,0.05%,0.05%,,,,
03-08-2018,USA,New York,CITIGROUP INC,USD,BANK,Deposits,CDs,3 months,"$500,000-$999,999.99",offline,3 months,0.05%,0.05%,,,,
03-08-2018,USA,New York,CITIGROUP INC,USD,BANK,Deposits,CDs,3 months,"$1,000,000+",offline,3 months,0.05%,0.05%,,,,
03-08-2018,USA,New York,CITIGROUP INC,USD,BANK,Deposits,CDs,6 months,"Below $10,000",offline,6 months,0.07%,0.07%,,,,
03-08-2018,USA,New York,CITIGROUP INC,USD,BANK,Deposits,CDs,6 months,"$10,000-$24,999.99",offline,6 months,0.07%,0.07%,,,,
03-08-2018,USA,New York,CITIGROUP INC,USD,BANK,Deposits,CDs,6 months,"$25,000-$49,999.99",offline,6 months,0.07%,0.07%,,,,
03-08-2018,USA,New York,CITIGROUP INC,USD,BANK,Deposits,CDs,6 months,"$500,000-$999,999.99",offline,6 months,0.07%,0.07%,,,,
03-08-2018,USA,New York,CITIGROUP INC,USD,BANK,Deposits,CDs,6 months,"$1,000,000+",offline,6 months,0.07%,0.07%,,,,
03-08-2018,USA,New York,CITIGROUP INC,USD,BANK,Deposits,CDs,1 year,"Below $10,000",offline,1 year,0.25%,0.25%,,,,
03-08-2018,USA,New York,CITIGROUP INC,USD,BANK,Deposits,CDs,1 year,"$10,000-$24,999.99",offline,1 year,0.25%,0.25%,,,,
03-08-2018,USA,New York,CITIGROUP INC,USD,BANK,Deposits,CDs,1 year,"$25,000-$49,999.99",offline,1 year,0.25%,0.25%,,,,
03-08-2018,USA,New York,CITIGROUP INC,USD,BANK,Deposits,CDs,1 year,"$50,000-$99,999.99",offline,1 year,0.25%,0.25%,,,,
03-08-2018,USA,New York,CITIGROUP INC,USD,BANK,Deposits,CDs,1 year,"$100,000-$499,999.99",offline,1 year,0.25%,0.25%,,,,
03-08-2018,USA,New York,CITIGROUP INC,USD,BANK,Deposits,CDs,1 year,"$500,000-$999,999.99",offline,1 year,0.25%,0.25%,,,,
03-08-2018,USA,New York,CITIGROUP INC,USD,BANK,Deposits,CDs,1 year,"$1,000,000+",offline,1 year,0.25%,0.25%,,,,
03-08-2018,USA,New York,CITIGROUP INC,USD,BANK,Deposits,CDs,2 years,"Below $10,000",offline,2 year,0.50%,0.50%,,,,
03-08-2018,USA,New York,CITIGROUP INC,USD,BANK,Deposits,CDs,2 years,"$10,000-$24,999.99",offline,2 year,0.50%,0.50%,,,,
03-08-2018,USA,New York,CITIGROUP INC,USD,BANK,Deposits,CDs,2 years,"$25,000-$49,999.99",offline,2 year,0.50%,0.50%,,,,
03-08-2018,USA,New York,CITIGROUP INC,USD,BANK,Deposits,CDs,2 years,"$50,000-$99,999.99",offline,2 year,0.50%,0.50%,,,,
03-08-2018,USA,New York,CITIGROUP INC,USD,BANK,Deposits,CDs,2 years,"$100,000-$499,999.99",offline,2 year,0.50%,0.50%,,,,
03-08-2018,USA,New York,CITIGROUP INC,USD,BANK,Deposits,CDs,2 years,"$500,000-$999,999.99",offline,2 year,0.50%,0.50%,,,,
03-08-2018,USA,New York,CITIGROUP INC,USD,BANK,Deposits,CDs,2 years,"$1,000,000+",offline,2 year,0.50%,0.50%,,,,
03-08-2018,USA,New York,CITIGROUP INC,USD,BANK,Deposits,CDs,3 years,"Below $10,000",offline,3 year,0.70%,0.70%,,,,
03-08-2018,USA,New York,CITIGROUP INC,USD,BANK,Deposits,CDs,3 years,"$10,000-$24,999.99",offline,3 year,0.70%,0.70%,,,,
03-08-2018,USA,New York,CITIGROUP INC,USD,BANK,Deposits,CDs,3 years,"$25,000-$49,999.99",offline,3 year,0.70%,0.70%,,,,
03-08-2018,USA,New York,CITIGROUP INC,USD,BANK,Deposits,CDs,3 years,"$50,000-$99,999.99",offline,3 year,0.70%,0.70%,,,,
03-08-2018,USA,New York,CITIGROUP INC,USD,BANK,Deposits,CDs,3 years,"$100,000-$499,999.99",offline,3 year,0.70%,0.70%,,,,
03-08-2018,USA,New York,CITIGROUP INC,USD,BANK,Deposits,CDs,3 years,"$500,000-$999,999.99",offline,3 year,0.70%,0.70%,,,,
03-08-2018,USA,New York,CITIGROUP INC,USD,BANK,Deposits,CDs,3 years,"$1,000,000+",offline,3 year,0.70%,0.70%,,,,
03-08-2018,USA,New York,CITIGROUP INC,USD,BANK,Mortgage,Mortgage,30 Year Fixed,,offline,30 Year ,4.500%,,100000,20%,720+,4.881%
03-08-2018,USA,New York,CITIGROUP INC,USD,BANK,Mortgage,Mortgage,20 Year Fixed,,offline,20 Year ,4.250%,,100000,20%,720+,4.734%
03-08-2018,USA,New York,CITIGROUP INC,USD,BANK,Mortgage,Mortgage,15 Year Fixed,,offline,30 Year,3.875%,,100000,20%,720+,4.427%
03-08-2018,USA,New York,CITIGROUP INC,USD,BANK,Mortgage,Mortgage,10 Year Fixed,,offline,30 Year,3.750%,,100000,20%,720+,4.547%
03-08-2018,USA,New York,CITIGROUP INC,USD,BANK,Mortgage,Mortgage,10/1 Libor ARM,,offline,30 Year,4.375%,,100000,20%,720+,4.924%
03-08-2018,USA,New York,CITIGROUP INC,USD,BANK,Mortgage,Mortgage,7/1 Libor ARM,,offline,30 Year,4.375%,,100000,20%,720+,4.956%
03-08-2018,USA,New York,CITIGROUP INC,USD,BANK,Mortgage,Mortgage,5/1 Libor ARM,,offline,30 Year,4.375%,,100000,20%,720+,5.001%
03-08-2018,USA,New York,CITIGROUP INC,USD,BANK,Mortgage,Mortgage,3/1 Libor ARM,,offline,30 Year,4.625%,,100000,20%,720+,5.152%
03-08-2018,USA,New York,CITIGROUP INC,USD,BANK,Mortgage,Mortgage,30 Year Fixed,,offline,30 Year ,4.500%,,300000,20%,720+,4.729%
03-08-2018,USA,New York,CITIGROUP INC,USD,BANK,Mortgage,Mortgage,20 Year Fixed,,offline,20 Year ,4.250%,,300000,20%,720+,4.528%
03-08-2018,USA,New York,CITIGROUP INC,USD,BANK,Mortgage,Mortgage,15 Year Fixed,,offline,30 Year,3.875%,,300000,20%,720+,4.169%
03-08-2018,USA,New York,CITIGROUP INC,USD,BANK,Mortgage,Mortgage,10 Year Fixed,,offline,30 Year,3.750%,,300000,20%,720+,4.178%
03-08-2018,USA,New York,CITIGROUP INC,USD,BANK,Mortgage,Mortgage,10/1 Libor ARM,,offline,30 Year,4.375%,,300000,20%,720+,4.772%
03-08-2018,USA,New York,CITIGROUP INC,USD,BANK,Mortgage,Mortgage,7/1 Libor ARM,,offline,30 Year,4.375%,,300000,20%,720+,4.805%
03-08-2018,USA,New York,CITIGROUP INC,USD,BANK,Mortgage,Mortgage,5/1 Libor ARM,,offline,30 Year,4.375%,,300000,20%,720+,4.849%
03-08-2018,USA,New York,CITIGROUP INC,USD,BANK,Mortgage,Mortgage,3/1 Libor ARM,,offline,30 Year,4.625%,,300000,20%,720+,4.997%
03-08-2018,USA,New York,CITIGROUP INC,USD,BANK,Mortgage,Mortgage,30 Year Fixed,,offline,30 Year ,5.000%,,500000,20%,720+,5.211%
03-08-2018,USA,New York,CITIGROUP INC,USD,BANK,Mortgage,Mortgage,15 Year Fixed,,offline,15 Year ,4.625%,,500000,20%,720+,4.914%
03-08-2018,USA,New York,CITIGROUP INC,USD,BANK,Mortgage,Mortgage,10/1 Libor ARM,,offline,30 Year,4.625%,,500000,20%,720+,5.041%
03-08-2018,USA,New York,CITIGROUP INC,USD,BANK,Mortgage,Mortgage,7/1 Libor ARM,,offline,30 Year,4.625%,,500000,20%,720+,5.003%
03-08-2018,USA,New York,CITIGROUP INC,USD,BANK,Mortgage,Mortgage,5/1 Libor ARM,,offline,30 Year,4.625%,,500000,20%,720+,5.075%
03-08-2018,USA,New York,JP MORGAN CHASE & Co.,USD,BANK,,,Mortgage_30-yr,,,30 year,4.750%,,,,720+,5.036%
03-08-2018,USA,New York,JP MORGAN CHASE & Co.,USD,BANK,,,Mortgage_20-yr,,,20 year,4.500%,,,,720+,4.902%
03-08-2018,USA,New York,JP MORGAN CHASE & Co.,USD,BANK,,,Mortgage_15-yr,,,15 year,4.375%,,,,720+,4.866%
03-08-2018,USA,New York,JP MORGAN CHASE & Co.,USD,BANK,,,Mortgage_7/1,,,360 months,4.500%,,,,720+,5.058%
03-08-2018,USA,New York,JP MORGAN CHASE & Co.,USD,BANK,,,Mortgage_5/1,,,360 months,4.875%,,,,720+,5.129%
03-08-2018,USA,New York,JP MORGAN CHASE & Co.,USD,BANK,,,Mortgage_30-yr,,,30 year,4.625%,,,,720+,4.714%
03-08-2018,USA,New York,JP MORGAN CHASE & Co.,USD,BANK,,,Mortgage_20-yr,,,20 year,4.375%,,,,720+,4.511%
03-08-2018,USA,New York,JP MORGAN CHASE & Co.,USD,BANK,,,Mortgage_15-yr,,,15 year,4.125%,,,,720+,4.279%
03-08-2018,USA,New York,JP MORGAN CHASE & Co.,USD,BANK,,,Mortgage_7/1,,,360 months,4.500%,,,,720+,4.772%
03-08-2018,USA,New York,JP MORGAN CHASE & Co.,USD,BANK,,,Mortgage_5/1,,,360 months,4.625%,,,,720+,4.804%
03-08-2018,USA,New York,JP MORGAN CHASE & Co.,USD,BANK,,,Mortgage_30-yr,,,30 year,4.625%,,,,720+,4.668%
03-08-2018,USA,New York,JP MORGAN CHASE & Co.,USD,BANK,,,Mortgage_15-yr,,,15 year,4.375%,,,,720+,4.524%
03-08-2018,USA,New York,JP MORGAN CHASE & Co.,USD,BANK,,,Mortgage_7/1,,,360 months,4.000%,,,,720+,4.439%
03-08-2018,USA,New York,JP MORGAN CHASE & Co.,USD,BANK,,,Mortgage_5/1,,,360 months,4.000%,,,,720+,4.514%
03-08-2018,USA,New York,PNC,USD,BANK,Deposits,Checking,Performance Interest Checking,"$2,000.00 - $9,999.99",offline,,0.01%,0.01%,,,,
03-08-2018,USA,New York,PNC,USD,BANK,Deposits,Checking,Performance Interest Checking,"$10,000.00 - $49,999.99",offline,,0.01%,0.01%,,,,
03-08-2018,USA,New York,PNC,USD,BANK,Deposits,Checking,Performance Interest Checking,"$50,000.00 - $99,999.99",offline,,0.01%,0.01%,,,,
03-08-2018,USA,New York,PNC,USD,BANK,Deposits,Checking,Performance Interest Checking,"$100,000.00 and above",offline,,0.01%,0.01%,,,,
03-08-2018,USA,New York,PNC,USD,BANK,Deposits,Checking,Performance Select Interest Checking,"$2,000.00 - $9,999.99",offline,,0.01%,0.01%,,,,
03-08-2018,USA,New York,PNC,USD,BANK,Deposits,Checking,Performance Select Interest Checking,"$10,000.00 - $49,999.99",offline,,0.01%,0.01%,,,,
03-08-2018,USA,New York,PNC,USD,BANK,Deposits,Checking,Performance Select Interest Checking,"$50,000.00 - $99,999.99",offline,,0.01%,0.01%,,,,
03-08-2018,USA,New York,PNC,USD,BANK,Deposits,Checking,Performance Select Interest Checking,"$100,000.00 and above",offline,,0.01%,0.01%,,,,
03-08-2018,USA,New York,PNC,USD,BANK,Deposits,Checking,Standard Savings,"$1.00 - $2,499.99",offline,,0.01%,0.01%,,,,
03-08-2018,USA,New York,PNC,USD,BANK,Deposits,Savings,Standard Savings,"$2,500.00 and above",offline,,0.01%,0.01%,,,,
03-08-2018,USA,New York,PNC,USD,BANK,Deposits,Savings,'S' is for Savings,$1.00 - $499.99,offline,,0.01%,0.01%,,,,
03-08-2018,USA,New York,PNC,USD,BANK,Deposits,Savings,'S' is for Savings,"$500.00 - $1,499.99",offline,,0.01%,0.01%,,,,
03-08-2018,USA,New York,PNC,USD,BANK,Deposits,Savings,'S' is for Savings,"$1,500.00 and above",offline,,0.01%,0.01%,,,,
03-08-2018,USA,New York,PNC,USD,BANK,Deposits,CDs,6 MONTHS,$1.00 - $999.99,offline,6 MONTHS,0.04%,0.04%,,,,
03-08-2018,USA,New York,PNC,USD,BANK,Deposits,CDs,6 MONTHS,"$1,000.00 - $9,999.99",offline,6 MONTHS,0.06%,0.06%,,,,
03-08-2018,USA,New York,PNC,USD,BANK,Deposits,CDs,6 MONTHS,"$10,000.00 - $24,999.99",offline,6 MONTHS,0.08%,0.08%,,,,
03-08-2018,USA,New York,PNC,USD,BANK,Deposits,CDs,6 MONTHS,"$25,000.00 - $99,999.99",offline,6 MONTHS,0.10%,0.10%,,,,
03-08-2018,USA,New York,PNC,USD,BANK,Deposits,CDs,6 MONTHS,"$100,000.00 - $499,999.99",offline,6 MONTHS,0.12%,0.12%,,,,
03-08-2018,USA,New York,PNC,USD,BANK,Deposits,CDs,6 MONTHS,"$500,000.00 and above",offline,6 MONTHS,0.14%,0.14%,,,,
03-08-2018,USA,New York,PNC,USD,BANK,Deposits,CDs,12 MONTHS,$1.00 - $999.99,offline,12 MONTHS,0.04%,0.04%,,,,
03-08-2018,USA,New York,PNC,USD,BANK,Deposits,CDs,12 MONTHS,"$1,000.00 - $9,999.99",offline,12 MONTHS,0.15%,0.15%,,,,
03-08-2018,USA,New York,PNC,USD,BANK,Deposits,CDs,12 MONTHS,"$10,000.00 - $24,999.99",offline,12 MONTHS,0.18%,0.18%,,,,
03-08-2018,USA,New York,PNC,USD,BANK,Deposits,CDs,12 MONTHS,"$25,000.00 - $99,999.99",offline,12 MONTHS,0.20%,0.20%,,,,
03-08-2018,USA,New York,PNC,USD,BANK,Deposits,CDs,12 MONTHS,"$100,000.00 - $499,999.99",offline,12 MONTHS,0.22%,0.22%,,,,
03-08-2018,USA,New York,PNC,USD,BANK,Deposits,CDs,12 MONTHS,"$500,000.00 and above",offline,12 MONTHS,0.24%,0.24%,,,,
03-08-2018,USA,New York,PNC,USD,BANK,Deposits,CDs,24 MONTHS,$1.00 - $999.99,offline,24 MONTHS,0.04%,0.04%,,,,
03-08-2018,USA,New York,PNC,USD,BANK,Deposits,CDs,24 MONTHS,"$1,000.00 - $9,999.99",offline,24 MONTHS,0.25%,0.25%,,,,
03-08-2018,USA,New York,PNC,USD,BANK,Deposits,CDs,24 MONTHS,"$10,000.00 - $24,999.99",offline,24 MONTHS,0.30%,0.30%,,,,
03-08-2018,USA,New York,PNC,USD,BANK,Deposits,CDs,24 MONTHS,"$25,000.00 - $99,999.99",offline,24 MONTHS,0.35%,0.35%,,,,
03-08-2018,USA,New York,PNC,USD,BANK,Deposits,CDs,24 MONTHS,"$100,000.00 - $499,999.99",offline,24 MONTHS,0.40%,0.40%,,,,
03-08-2018,USA,New York,PNC,USD,BANK,Deposits,CDs,24 MONTHS,"$500,000.00 and above",offline,24 MONTHS,0.45%,0.45%,,,,
03-08-2018,USA,New York,PNC,USD,BANK,Deposits,CDs,36 MONTHS,$1.00 - $999.99,offline,36 MONTHS,0.04%,0.04%,,,,
03-08-2018,USA,New York,PNC,USD,BANK,Deposits,CDs,36 MONTHS,"$1,000.00 - $9,999.99",offline,36 MONTHS,0.30%,0.30%,,,,
03-08-2018,USA,New York,PNC,USD,BANK,Deposits,CDs,36 MONTHS,"$10,000.00 - $24,999.99",offline,36 MONTHS,0.35%,0.35%,,,,
03-08-2018,USA,New York,PNC,USD,BANK,Deposits,CDs,36 MONTHS,"$500,000.00 and above",offline,36 MONTHS,0.50%,0.50%,,,,
03-08-2018,USA,New York,PNC,USD,BANK,Deposits,CDs,48 MONTHS,$1.00 - $999.99,offline,48 MONTHS,0.04%,0.04%,,,,
03-08-2018,USA,New York,PNC,USD,BANK,Deposits,CDs,48 MONTHS,"$1,000.00 - $9,999.99",offline,48 MONTHS,0.50%,0.50%,,,,
03-08-2018,USA,New York,PNC,USD,BANK,Deposits,CDs,48 MONTHS,"$10,000.00 - $24,999.99",offline,48 MONTHS,0.55%,0.55%,,,,
03-08-2018,USA,New York,PNC,USD,BANK,Deposits,CDs,48 MONTHS,"$25,000.00 - $99,999.99",offline,48 MONTHS,0.65%,0.65%,,,,
03-08-2018,USA,New York,PNC,USD,BANK,Deposits,CDs,48 MONTHS,"$100,000.00 - $499,999.99",offline,48 MONTHS,0.70%,0.70%,,,,
03-08-2018,USA,New York,PNC,USD,BANK,Deposits,CDs,48 MONTHS,"$500,000.00 and above",offline,48 MONTHS,0.75%,0.75%,,,,
03-08-2018,USA,New York,PNC,USD,BANK,Deposits,CDs,60 MONTHS,$1.00 - $999.99,offline,60 MONTHS,0.04%,0.04%,,,,
03-08-2018,USA,New York,PNC,USD,BANK,Deposits,CDs,60 MONTHS,"$1,000.00 - $9,999.99",offline,60 MONTHS,0.60%,0.60%,,,,
03-08-2018,USA,New York,PNC,USD,BANK,Deposits,CDs,60 MONTHS,"$10,000.00 - $24,999.99",offline,60 MONTHS,0.70%,0.70%,,,,
03-08-2018,USA,New York,PNC,USD,BANK,Deposits,CDs,60 MONTHS,"$25,000.00 - $99,999.99",offline,60 MONTHS,0.85%,0.85%,,,,
03-08-2018,USA,New York,PNC,USD,BANK,Deposits,CDs,60 MONTHS,"$100,000.00 - $499,999.99",offline,60 MONTHS,0.90%,0.90%,,,,
03-08-2018,USA,New York,PNC,USD,BANK,Deposits,CDs,60 MONTHS,"$500,000.00 and above",offline,60 MONTHS,0.95%,0.95%,,,,
03-08-2018,USA,New York,PNC,USD,BANK,Mortgage,Mortgage,30 Yr Fixed,,offline,,4.63%,,100000,20%,720+,4.82%
03-08-2018,USA,New York,PNC,USD,BANK,Mortgage,Mortgage,20 Yr Fixed,,offline,,4.38%,,100000,20%,720+,4.63%
03-08-2018,USA,New York,PNC,USD,BANK,Mortgage,Mortgage,15 Yr Fixed,,offline,,3.88%,,100000,20%,720+,4.25%
03-08-2018,USA,New York,PNC,USD,BANK,Mortgage,Mortgage,10 Yr Fixed,,offline,,3.75%,,100000,20%,720+,4.27%
03-08-2018,USA,New York,PNC,USD,BANK,Mortgage,Mortgage,3-1 ARM,,offline,,3.88%,,100000,20%,720+,4.61%
03-08-2018,USA,New York,PNC,USD,BANK,Mortgage,Mortgage,5-1 ARM,,offline,,3.88%,,100000,20%,720+,4.54%
03-08-2018,USA,New York,PNC,USD,BANK,Mortgage,Mortgage,7-1 ARM,,offline,,4.00%,,100000,20%,720+,4.52%
03-08-2018,USA,New York,PNC,USD,BANK,Mortgage,Mortgage,10-1 ARM,,offline,,4.25%,,100000,20%,720+,4.56%
03-08-2018,USA,New York,PNC,USD,BANK,Mortgage,Mortgage,FHA 30 Yr Fixed,,offline,,4.63%,,100000,20%,720+,5.48%
03-08-2018,USA,New York,PNC,USD,BANK,Mortgage,Mortgage,FHA 15 Yr Fixed,,offline,,4.13%,,100000,20%,720+,5.26%
03-08-2018,USA,New York,PNC,USD,BANK,Mortgage,Mortgage,VA 30 Yr Fixed,,offline,,4.63%,,100000,20%,720+,4.97%
03-08-2018,USA,New York,PNC,USD,BANK,Mortgage,Mortgage,VA 15 Yr Fixed,,offline,,4.13%,,100000,20%,720+,4.76%
03-08-2018,USA,New York,PNC,USD,BANK,Mortgage,Mortgage,30 Yr Fixed,,offline,,4.38%,,300000,20%,720+,4.50%
03-08-2018,USA,New York,PNC,USD,BANK,Mortgage,Mortgage,20 Yr Fixed,,offline,,4.13%,,300000,20%,720+,4.30%
03-08-2018,USA,New York,PNC,USD,BANK,Mortgage,Mortgage,15 Yr Fixed,,offline,,3.75%,,300000,20%,720+,3.92%
03-08-2018,USA,New York,PNC,USD,BANK,Mortgage,Mortgage,10 Yr Fixed,,offline,,3.63%,,300000,20%,720+,3.94%
03-08-2018,USA,New York,PNC,USD,BANK,Mortgage,Mortgage,3-1 ARM,,offline,,3.63%,,300000,20%,720+,4.49%
03-08-2018,USA,New York,PNC,USD,BANK,Mortgage,Mortgage,5-1 ARM,,offline,,3.75%,,300000,20%,720+,4.43%
03-08-2018,USA,New York,PNC,USD,BANK,Mortgage,Mortgage,7-1 ARM,,offline,,3.88%,,300000,20%,720+,4.40%
03-08-2018,USA,New York,PNC,USD,BANK,Mortgage,Mortgage,10-1 ARM,,offline,,4.13%,,300000,20%,720+,4.43%
03-08-2018,USA,New York,PNC,USD,BANK,Mortgage,Mortgage,FHA 30 Yr Fixed,,offline,,4.38%,,300000,20%,720+,5.20%
03-08-2018,USA,New York,PNC,USD,BANK,Mortgage,Mortgage,FHA 15 Yr Fixed,,offline,,3.88%,,300000,20%,720+,4.93%
03-08-2018,USA,New York,PNC,USD,BANK,Mortgage,Mortgage,VA 30 Yr Fixed,,offline,,4.38%,,300000,20%,720+,4.68%
03-08-2018,USA,New York,PNC,USD,BANK,Mortgage,Mortgage,VA 15 Yr Fixed,,offline,,4.00%,,300000,20%,720+,4.49%
03-08-2018,USA,New York,PNC,USD,BANK,Mortgage,Mortgage,30 YR FIXEDLoan Details,,offline,,4.13%,,500000,20%,720+,4.24%
03-08-2018,USA,New York,PNC,USD,BANK,Mortgage,Mortgage,15 YR FIXEDLoan Details,,offline,,3.88%,,500000,20%,720+,4.02%
03-08-2018,USA,New York,PNC,USD,BANK,Mortgage,Mortgage,5-1 YR ARMLoan Details,,offline,,3.13%,,500000,20%,720+,4.42%
03-08-2018,USA,New York,PNC,USD,BANK,Mortgage,Mortgage,7-1 YR ARMLoan Details,,offline,,3.38%,,500000,20%,720+,4.34%
03-08-2018,USA,New York,PNC,USD,BANK,Mortgage,Mortgage,10-1 YR ARMLoan Details,,offline,,3.75%,,500000,20%,720+,4.33%
03-08-2018,USA,New York,PNC,USD,BANK,Mortgage,Mortgage,FHA 30 YR FIXED,,offline,,4.38%,,500000,20%,720+,5.21%
03-08-2018,USA,New York,PNC,USD,BANK,Mortgage,Mortgage,FHA 5-1 ARM,,offline,,3.75%,,500000,20%,720+,5.12%
03-08-2018,USA,New York,PNC,USD,BANK,Mortgage,Mortgage,VA 30 YR FIXED,,offline,,4.50%,,500000,20%,720+,4.77%
03-08-2018,USA,New York,PNC,USD,BANK,Mortgage,Mortgage,VA 5-1 ARM,,offline,,4.00%,,500000,20%,720+,4.55%
03-08-2018,USA,New York,SYNCHRONY ,USD,BANK,Mortgage,Deposits,CD_3-month,"$2,000+",Online,CD_3-month,,0.75%,,,,
03-08-2018,USA,New York,SYNCHRONY ,USD,BANK,Mortgage,Deposits,CD_6-month,"$2,000+",Online,CD_6-month,,1.00%,,,,
03-08-2018,USA,New York,SYNCHRONY ,USD,BANK,Mortgage,Deposits,CD_9-month,"$2,000+",Online,CD_9-month,,1.25%,,,,
03-08-2018,USA,New York,SYNCHRONY ,USD,BANK,Mortgage,Deposits,CD_12-month,"$2,000+",Online,CD_12-month,,1.95%,,,,
03-08-2018,USA,New York,SYNCHRONY ,USD,BANK,Mortgage,Deposits,CD_18-month,"$2,000+",Online,CD_18-month,,1.95%,,,,
03-08-2018,USA,New York,SYNCHRONY ,USD,BANK,Mortgage,Deposits,CD_24-month,"$2,000+",Online,CD_24-month,,2.10%,,,,
03-08-2018,USA,New York,SYNCHRONY ,USD,BANK,Mortgage,Deposits,CD_36-month,"$2,000+",Online,CD_36-month,,2.05%,,,,
03-08-2018,USA,New York,SYNCHRONY ,USD,BANK,Mortgage,Deposits,CD_48-month,"$2,000+",Online,CD_48-month,,2.20%,,,,
03-08-2018,USA,New York,SYNCHRONY ,USD,BANK,Mortgage,Deposits,CD_60-month,"$2,000+",Online,CD_60-month,,2.50%,,,,
03-08-2018,USA,New York,SYNCHRONY ,USD,BANK,Mortgage,Deposits,Money Market Rates and Terms,"Up to $4,999",Online,,,1.05%,,,,
03-08-2018,USA,New York,SYNCHRONY ,USD,BANK,Mortgage,Deposits,Money Market Rates and Terms,"$5,000 - $24,999",Online,,,1.05%,,,,
03-08-2018,USA,New York,SYNCHRONY ,USD,BANK,Mortgage,Deposits,Money Market Rates and Terms,"$25,000+",Online,,,1.05%,,,,
03-08-2018,USA,New York,SYNCHRONY ,USD,BANK,Mortgage,Deposits,HYS Rates and Terms,"Up to $4,999",Online,,,1.55%,,,,
03-08-2018,USA,New York,SYNCHRONY ,USD,BANK,Mortgage,Deposits,HYS Rates and Terms,"$5,000 - $24,999",Online,,,1.55%,,,,
03-08-2018,USA,New York,SYNCHRONY ,USD,BANK,Mortgage,Deposits,HYS Rates and Terms,"$25,000+",Online,,,1.55%,,,,
03-08-2018,USA,New York,WELLS FARGO,USD,BANK,Deposits,Checking,WELLS FARGO Everyday Checking,"$1,500 minimum daily balance",offline,,,,,,,
03-08-2018,USA,New York,WELLS FARGO,USD,BANK,Mortgage,Mortgage,30-Year Fixed Rate,,offline,30 yrs ,4.63%,,"$200,000 ",25.00%,740,4.67%
03-08-2018,USA,New York,WELLS FARGO,USD,BANK,Mortgage,Mortgage,30-Year Fixed-Rate VA,,offline,30 yrs ,4.63%,,"$200,000 ",0.00%,740,4.94%
03-08-2018,USA,New York,WELLS FARGO,USD,BANK,Mortgage,Mortgage,20-Year Fixed Rate,,offline,20 yrs ,4.38%,,"$200,000 ",25.00%,740,4.49%
03-08-2018,USA,New York,WELLS FARGO,USD,BANK,Mortgage,Mortgage,15-Year Fixed Rate,,offline,15 yrs ,4.13%,,"$200,000 ",25.00%,740,4.26%
03-08-2018,USA,New York,WELLS FARGO,USD,BANK,Mortgage,Mortgage,7/1 ARM,,offline,30 yrs ,4.25%,,"$200,000 ",25.00%,740,4.57%
03-08-2018,USA,New York,WELLS FARGO,USD,BANK,Mortgage,Mortgage,5/1 ARM,,offline,30 yrs ,4.13%,,"$200,000 ",25.00%,740,4.58%
03-08-2018,USA,New York,WELLS FARGO,USD,BANK,Mortgage,Mortgage,30-Year Fixed-Rate Jumbo,,offline,30 yrs ,4.63%,,"$750,000 ",25.00%,740,4.63%
03-08-2018,USA,New York,WELLS FARGO,USD,BANK,Mortgage,Mortgage,15-Year Fixed-Rate Jumbo,,offline,15 yrs ,4.38%,,"$750,000 ",25.00%,740,4.39%
03-08-2018,USA,New York,WELLS FARGO,USD,BANK,Mortgage,Mortgage,7/1 ARM Jumbo,,offline,30 yrs ,4.13%,,"$750,000 ",25.00%,740,4.46%
03-08-2018,USA,New York,WELLS FARGO,USD,BANK,Mortgage,Mortgage,10/1 ARM Jumbo,,offline,30 yrs ,4.25%,,"$750,000 ",25.00%,740,4.46%
03-08-2018,USA,New York,WELLS FARGO,USD,BANK,Mortgage,Mortgage,30-Year Fixed Rate,,offline,30 yrs ,4.75%,,"$200,000 ",25.00%,740,4.78%
03-08-2018,USA,New York,WELLS FARGO,USD,BANK,Mortgage,Mortgage,30-Year Fixed-Rate VA,,offline,30 yrs ,4.63%,,"$200,000 ",0.00%,740,4.92%
03-08-2018,USA,New York,WELLS FARGO,USD,BANK,Mortgage,Mortgage,20-Year Fixed Rate,,offline,20 yrs ,4.50%,,"$200,000 ",25.00%,740,4.54%
03-08-2018,USA,New York,WELLS FARGO,USD,BANK,Mortgage,Mortgage,15-Year Fixed Rate,,offline,15 yrs ,4.25%,,"$200,000 ",25.00%,740,4.32%
03-08-2018,USA,New York,WELLS FARGO,USD,BANK,Mortgage,Mortgage,7/1 ARM,,offline,30 yrs ,4.25%,,"$200,000 ",25.00%,740,4.57%
03-08-2018,USA,New York,WELLS FARGO,USD,BANK,Mortgage,Mortgage,5/1 ARM,,offline,30 yrs ,4.13%,,"$200,000 ",25.00%,740,4.58%
03-08-2018,USA,New York,WELLS FARGO,USD,BANK,Mortgage,Mortgage,30-Year Fixed-Rate Jumbo,,offline,30 yrs ,4.63%,,"$750,000 ",25.00%,740,4.63%
03-08-2018,USA,New York,WELLS FARGO,USD,BANK,Mortgage,Mortgage,15-Year Fixed-Rate Jumbo,,offline,15 yrs ,4.38%,,"$750,000 ",25.00%,740,4.40%
03-08-2018,USA,New York,WELLS FARGO,USD,BANK,Mortgage,Mortgage,7/1 ARM Jumbo,,offline,30 yrs ,4.25%,,"$750,000 ",25.00%,740,4.51%
03-08-2018,USA,New York,WELLS FARGO,USD,BANK,Mortgage,Mortgage,10/1 ARM Jumbo,,offline,30 yrs ,4.38%,,"$750,000 ",25.00%,740,4.52%
03-08-2018,USA,New York,WELLS FARGO,USD,BANK,Deposits,Savings,Savings Account,$0 or more,offline,,0.01%,0.01%,,,,
03-08-2018,USA,New York,WELLS FARGO,USD,BANK,Deposits,Savings,Savings Account,"$0  - $24,999.99",offline,,0.03%,0.03%,,,,
03-08-2018,USA,New York,WELLS FARGO,USD,BANK,Deposits,Savings,Savings Account,"$25,000  - $99,999.99",offline,,1.25%,0.34%,,,,
03-08-2018,USA,New York,WELLS FARGO,USD,BANK,Deposits,Savings,Savings Account,"$100,000  or more",offline,,1.25%,0.35%,,,,
03-08-2018,USA,New York,WELLS FARGO,USD,BANK,Deposits,Savings,Savings Account,"$0  - $99,999.99",offline,,0.03%,0.03%,,,,
03-08-2018,USA,New York,WELLS FARGO,USD,BANK,Deposits,Savings,Savings Account,"$100,000  or more",offline,,0.05%,0.05%,,,,
03-08-2018,USA,New York,WELLS FARGO,USD,BANK,Deposits,Savings,Certificate Of Deposite,,offline,9 months,0.35%,0.35%,,,,
03-08-2018,USA,New York,WELLS FARGO,USD,BANK,Deposits,Savings,Certificate Of Deposite,,offline,19 months,1.59%,1.60%,,,,
03-08-2018,USA,New York,WELLS FARGO,USD,BANK,Deposits,Savings,Certificate Of Deposite,,offline,39 months,1.14%,1.15%,,,,
03-08-2018,USA,New York,WELLS FARGO,USD,BANK,Deposits,Savings,Certificate Of Deposite,,offline,58 months,1.19%,1.20%,,,,
03-08-2018,USA,New York,WELLS FARGO,USD,BANK,Deposits,Savings,Certificate Of Deposit,"$0 - $4,999.99",offline,3 months,0.01%,0.01%,,,,
03-08-2018,USA,New York,WELLS FARGO,USD,BANK,Deposits,Savings,Certificate Of Deposit,"$5,000 - $9,999.99",offline,,0.01%,0.01%,,,,
03-08-2018,USA,New York,WELLS FARGO,USD,BANK,Deposits,Savings,Certificate Of Deposit,"$10,000 - $24,999.99",offline,,0.01%,0.01%,,,,
03-08-2018,USA,New York,WELLS FARGO,USD,BANK,Deposits,Savings,Certificate Of Deposit,"$25,000 - $49,999.99",offline,,0.01%,0.01%,,,,
03-08-2018,USA,New York,WELLS FARGO,USD,BANK,Deposits,Savings,Certificate Of Deposit,"$50,000 - $99,999.99",offline,,0.01%,0.01%,,,,
03-08-2018,USA,New York,WELLS FARGO,USD,BANK,Deposits,Savings,Certificate Of Deposit,"$100,000 +",offline,,0.01%,0.01%,,,,
03-08-2018,USA,New York,WELLS FARGO,USD,BANK,Deposits,Savings,Certificate Of Deposit,"$0 - $4,999.99",offline,6 months,0.01%,0.01%,,,,
03-08-2018,USA,New York,WELLS FARGO,USD,BANK,Deposits,Savings,Certificate Of Deposit,"$5,000 - $9,999.99",offline,,0.01%,0.01%,,,,
03-08-2018,USA,New York,WELLS FARGO,USD,BANK,Deposits,Savings,Certificate Of Deposit,"$10,000 - $24,999.99",offline,,0.01%,0.01%,,,,
03-08-2018,USA,New York,WELLS FARGO,USD,BANK,Deposits,Savings,Certificate Of Deposit,"$25,000 - $49,999.99",offline,,0.01%,0.01%,,,,
03-08-2018,USA,New York,WELLS FARGO,USD,BANK,Deposits,Savings,Certificate Of Deposit,"$50,000 - $99,999.99",offline,,0.01%,0.01%,,,,
03-08-2018,USA,New York,WELLS FARGO,USD,BANK,Deposits,Savings,Certificate Of Deposit,"$100,000 +",offline,,0.01%,0.01%,,,,
03-08-2018,USA,New York,WELLS FARGO,USD,BANK,Deposits,Savings,Certificate Of Deposit,"$0 - $4,999.99",offline,1 year,0.05%,0.05%,,,,
03-08-2018,USA,New York,WELLS FARGO,USD,BANK,Deposits,Savings,Certificate Of Deposit,"$5,000 - $9,999.99",offline,,0.05%,0.05%,,,,
03-08-2018,USA,New York,WELLS FARGO,USD,BANK,Deposits,Savings,Certificate Of Deposit,"$10,000 - $24,999.99",offline,,0.05%,0.05%,,,,
03-08-2018,USA,New York,WELLS FARGO,USD,BANK,Deposits,Savings,Certificate Of Deposit,"$25,000 - $49,999.99",offline,,0.05%,0.05%,,,,
03-08-2018,USA,New York,WELLS FARGO,USD,BANK,Deposits,Savings,Certificate Of Deposit,"$50,000 - $99,999.99",offline,,0.05%,0.05%,,,,
03-08-2018,USA,New York,WELLS FARGO,USD,BANK,Deposits,Savings,Certificate Of Deposit,"$100,000 +",offline,,0.05%,0.05%,,,,
03-08-2018,USA,New York,WELLS FARGO,USD,BANK,Deposits,Savings,Certificate Of Deposite,,offline,24 months,0.35%,0.73%,,,,
