Date,Bank_Native_Country,State,Bank_Name,Ticker,Bank_Local_Currency,Bank_Type,Bank_Product,Bank_Product_Type,Bank_Product_Code,Bank_Product_Name,Minm_Balance,Maxm_Balance,Bank_Offer_Feature,Term_in_Months,Interest_Type,Interest,APY,Source
 2018-04-06,US,New York,ALLY,ALLY,USD,Bank,Deposits,Savings,_MSBF,Online Savings,,,Online,,Fixed,,1.45%,Bank Website
 2018-04-06,US,New York,ALLY,ALLY,USD,Bank,Deposits,Savings,_MSBF,Money Market,,5000,Online,,Fixed,,0.90%,Bank Website
 2018-04-06,US,New York,ALLY,ALLY,USD,Bank,Deposits,Savings,_MSBF,Money Market,5000,,Online,,Fixed,,0.90%,Bank Website
 2018-04-06,US,New York,ALLY,ALLY,USD,Bank,Deposits,Savings,_MSBF,Money Market,25000,,Online,,Fixed,,1.00%,Bank Website
 2018-04-06,US,New York,ALLY,ALLY,USD,Bank,Deposits,CD,6MCDF,High Yield CDs_6 month,,5000,Online,6,Fixed,,1.50%,Bank Website
 2018-04-06,US,New York,ALLY,ALLY,USD,Bank,Deposits,CD,12MCDF,High Yield CDs_12 month,,5000,Online,12,Fixed,,1.75%,Bank Website
 2018-04-06,US,New York,ALLY,ALLY,USD,Bank,Deposits,CD,36MCDF,High Yield CDs_3 year,,5000,Online,36,Fixed,,1.85%,Bank Website
 2018-04-06,US,New York,ALLY,ALLY,USD,Bank,Deposits,CD,6MCDF,High Yield CDs_6 month,5000,24999,Online,6,Fixed,,1.60%,Bank Website
 2018-04-06,US,New York,ALLY,ALLY,USD,Bank,Deposits,CD,12MCDF,High Yield CDs_12 month,5000,24999,Online,12,Fixed,,1.85%,Bank Website
 2018-04-06,US,New York,ALLY,ALLY,USD,Bank,Deposits,CD,36MCDF,High Yield CDs_3 year,5000,24999,Online,36,Fixed,,2.00%,Bank Website
 2018-04-06,US,New York,ALLY,ALLY,USD,Bank,Deposits,CD,6MCDF,High Yield CDs_6 month,25000,,Online,6,Fixed,,1.75%,Bank Website
 2018-04-06,US,New York,ALLY,ALLY,USD,Bank,Deposits,CD,12MCDF,High Yield CDs_12 month,25000,,Online,12,Fixed,,2.00%,Bank Website
 2018-04-06,US,New York,ALLY,ALLY,USD,Bank,Deposits,CD,36MCDF,High Yield CDs_3 year,25000,,Online,36,Fixed,,2.10%,Bank Website
 2018-04-06,US,New York,ALLY,ALLY,USD,Bank,Deposits,Checking,_MCCF,Interest Checking Account,,15000,Online,,Fixed,,0.10%,Bank Website
 2018-04-06,US,New York,ALLY,ALLY,USD,Bank,Deposits,Checking,_MCCF,Interest Checking Account,15000,,Online,,Fixed,,0.60%,Bank Website
 2018-04-06,US,New York,BANK OF AMERICA CORP,BAC,USD,Bank,Deposits,Savings,_MSBF,Rewards Savings/Minor Savings,,2500,Offline,,Fixed,0.03%,0.03%,Bank Website
 2018-04-06,US,New York,BANK OF AMERICA CORP,BAC,USD,Bank,Deposits,Savings,_MSBF,Rewards Savings/Minor Savings,2500,,Offline,,Fixed,0.03%,0.03%,Bank Website
 2018-04-06,US,New York,BANK OF AMERICA CORP,BAC,USD,Bank,Deposits,Checking,_MCCF,Bank of America Interest Checking,,50000,Offline,,Fixed,0.01%,0.01%,Bank Website
 2018-04-06,US,New York,BANK OF AMERICA CORP,BAC,USD,Bank,Deposits,Checking,_MCCF,Bank of America Interest Checking,50000,99999,Offline,,Fixed,0.02%,0.02%,Bank Website
 2018-04-06,US,New York,BANK OF AMERICA CORP,BAC,USD,Bank,Deposits,Checking,_MCCF,Bank of America Interest Checking,100000,,Offline,,Fixed,0.02%,0.02%,Bank Website
 2018-04-06,US,New York,BANK OF AMERICA CORP,BAC,USD,Bank,Deposits,CD,6MCDF,06 - 11 Months,,10000,Offline,6,Fixed,0.03%,0.03%,Bank Website
 2018-04-06,US,New York,BANK OF AMERICA CORP,BAC,USD,Bank,Deposits,CD,12MCDF,12 - 17 Months,,10000,Offline,12,Fixed,0.05%,0.05%,Bank Website
 2018-04-06,US,New York,BANK OF AMERICA CORP,BAC,USD,Bank,Deposits,CD,36MCDF,36 - 47 Months,,10000,Offline,36,Fixed,0.55%,0.55%,Bank Website
 2018-04-06,US,New York,CAPITAL ONE,COF,USD,Bank,Deposits,Savings,_MSBF,360 Money Market,,10000,Online,,Fixed,0.85%,0.85%,Bank Website
 2018-04-06,US,New York,CAPITAL ONE,COF,USD,Bank,Deposits,Savings,_MSBF,360 Money Market,10000,,Online,,Fixed,1.49%,1.50%,Bank Website
 2018-04-06,US,New York,CAPITAL ONE,COF,USD,Bank,Deposits,Savings,_MSBF,360 Savings,0,,Online,,Fixed,1.00%,1.00%,Bank Website
 2018-04-06,US,New York,CAPITAL ONE,COF,USD,Bank,Deposits,Savings,_MSBF,360 IRA Savings Traditional,0,,Online,,Fixed,1.00%,1.00%,Bank Website
 2018-04-06,US,New York,CAPITAL ONE,COF,USD,Bank,Deposits,CD,6MCDF,360 CDs 6 months,0,1000000,Online,6,Fixed,0.40%,0.40%,Bank Website
 2018-04-06,US,New York,CAPITAL ONE,COF,USD,Bank,Deposits,CD,12MCDF,360 CDs 12 months,,,Online,12,Fixed,2.03%,2.05%,Bank Website
 2018-04-06,US,New York,CAPITAL ONE,COF,USD,Bank,Deposits,CD,36MCDF,360 CDs 36 months,,,Online,36,Fixed,2.28%,2.30%,Bank Website
 2018-04-06,US,New York,CITIGROUP INC,C,USD,Bank,Deposits,Checking,_MCCF,Interest Checking Account,,25000,Offline,,Fixed,0.01%,0.01%,Bank Website
 2018-04-06,US,New York,CITIGROUP INC,C,USD,Bank,Deposits,Checking,_MCCF,Interest Checking Account,25000,49999,Offline,,Fixed,0.01%,0.01%,Bank Website
 2018-04-06,US,New York,CITIGROUP INC,C,USD,Bank,Deposits,Checking,_MCCF,Interest Checking Account,50000,,Offline,,Fixed,0.01%,0.01%,Bank Website
 2018-04-06,US,New York,CITIGROUP INC,C,USD,Bank,Deposits,Savings,_MSBF,Citibank Account Package1,,10000,Offline,,Fixed,0.04%,0.04%,Bank Website
 2018-04-06,US,New York,CITIGROUP INC,C,USD,Bank,Deposits,Savings,_MSBF,Citibank Account Package1,10000,24999,Offline,,Fixed,0.04%,0.04%,Bank Website
 2018-04-06,US,New York,CITIGROUP INC,C,USD,Bank,Deposits,Savings,_MSBF,Citibank Account Package1,25000,49999,Offline,,Fixed,0.08%,0.08%,Bank Website
 2018-04-06,US,New York,CITIGROUP INC,C,USD,Bank,Deposits,Savings,_MSBF,Citibank Account Package1,50000,99999,Offline,,Fixed,0.08%,0.08%,Bank Website
 2018-04-06,US,New York,CITIGROUP INC,C,USD,Bank,Deposits,Savings,_MSBF,Citibank Account Package1,100000,499999,Offline,,Fixed,0.10%,0.10%,Bank Website
 2018-04-06,US,New York,CITIGROUP INC,C,USD,Bank,Deposits,Savings,_MSBF,Citibank Account Package1,500000,999999,Offline,,Fixed,0.13%,0.13%,Bank Website
 2018-04-06,US,New York,CITIGROUP INC,C,USD,Bank,Deposits,Savings,_MSBF,Citibank Account Package1,1000000,,Offline,,Fixed,0.13%,0.13%,Bank Website
 2018-04-06,US,New York,CITIGROUP INC,C,USD,Bank,Deposits,Savings,_MSBF,Basic Banking Package,,10000,Offline,,Fixed,0.04%,0.04%,Bank Website
 2018-04-06,US,New York,CITIGROUP INC,C,USD,Bank,Deposits,Savings,_MSBF,Basic Banking Package,10000,24999,Offline,,Fixed,0.04%,0.04%,Bank Website
 2018-04-06,US,New York,CITIGROUP INC,C,USD,Bank,Deposits,Savings,_MSBF,Basic Banking Package,25000,49999,Offline,,Fixed,0.06%,0.06%,Bank Website
 2018-04-06,US,New York,CITIGROUP INC,C,USD,Bank,Deposits,Savings,_MSBF,Basic Banking Package,50000,99999,Offline,,Fixed,0.06%,0.06%,Bank Website
 2018-04-06,US,New York,CITIGROUP INC,C,USD,Bank,Deposits,Savings,_MSBF,Basic Banking Package,100000,499999,Offline,,Fixed,0.06%,0.06%,Bank Website
 2018-04-06,US,New York,CITIGROUP INC,C,USD,Bank,Deposits,Savings,_MSBF,Basic Banking Package,500000,999999,Offline,,Fixed,0.06%,0.06%,Bank Website
 2018-04-06,US,New York,CITIGROUP INC,C,USD,Bank,Deposits,Savings,_MSBF,Basic Banking Package,1000000,,Offline,,Fixed,0.06%,0.06%,Bank Website
 2018-04-06,US,New York,CITIGROUP INC,C,USD,Bank,Deposits,Savings,_MSBF,Access Account Package,,10000,Offline,,Fixed,0.04%,0.04%,Bank Website
 2018-04-06,US,New York,CITIGROUP INC,C,USD,Bank,Deposits,Savings,_MSBF,Access Account Package,10000,24999,Offline,,Fixed,0.04%,0.04%,Bank Website
 2018-04-06,US,New York,CITIGROUP INC,C,USD,Bank,Deposits,Savings,_MSBF,Access Account Package,25000,49999,Offline,,Fixed,0.06%,0.06%,Bank Website
 2018-04-06,US,New York,CITIGROUP INC,C,USD,Bank,Deposits,Savings,_MSBF,Access Account Package,50000,99999,Offline,,Fixed,0.06%,0.06%,Bank Website
 2018-04-06,US,New York,CITIGROUP INC,C,USD,Bank,Deposits,Savings,_MSBF,Access Account Package,100000,499999,Offline,,Fixed,0.06%,0.06%,Bank Website
 2018-04-06,US,New York,CITIGROUP INC,C,USD,Bank,Deposits,Savings,_MSBF,Access Account Package,500000,999999,Offline,,Fixed,0.06%,0.06%,Bank Website
 2018-04-06,US,New York,CITIGROUP INC,C,USD,Bank,Deposits,Savings,_MSBF,Access Account Package,1000000,,Offline,,Fixed,0.06%,0.06%,Bank Website
 2018-04-06,US,New York,CITIGROUP INC,C,USD,Bank,Deposits,CD,6MCDF,6 months,,10000,Offline,6,Fixed,0.07%,0.07%,Bank Website
 2018-04-06,US,New York,CITIGROUP INC,C,USD,Bank,Deposits,CD,6MCDF,6 months,10000,24999,Offline,6,Fixed,0.07%,0.07%,Bank Website
 2018-04-06,US,New York,CITIGROUP INC,C,USD,Bank,Deposits,CD,6MCDF,6 months,25000,49999,Offline,6,Fixed,0.07%,0.07%,Bank Website
 2018-04-06,US,New York,CITIGROUP INC,C,USD,Bank,Deposits,CD,6MCDF,6 months,50000,99999,Offline,6,Fixed,0.07%,0.07%,Bank Website
 2018-04-06,US,New York,CITIGROUP INC,C,USD,Bank,Deposits,CD,6MCDF,6 months,100000,499999,Offline,6,Fixed,0.07%,0.07%,Bank Website
 2018-04-06,US,New York,CITIGROUP INC,C,USD,Bank,Deposits,CD,6MCDF,6 months,500000,999999,Offline,6,Fixed,0.07%,0.07%,Bank Website
 2018-04-06,US,New York,CITIGROUP INC,C,USD,Bank,Deposits,CD,6MCDF,6 months,1000000,,Offline,6,Fixed,0.07%,0.07%,Bank Website
 2018-04-06,US,New York,CITIGROUP INC,C,USD,Bank,Deposits,CD,12MCDF,1 year,,10000,Offline,12,Fixed,0.25%,0.25%,Bank Website
 2018-04-06,US,New York,CITIGROUP INC,C,USD,Bank,Deposits,CD,12MCDF,1 year,10000,24999,Offline,12,Fixed,0.25%,0.25%,Bank Website
 2018-04-06,US,New York,CITIGROUP INC,C,USD,Bank,Deposits,CD,12MCDF,1 year,25000,49999,Offline,12,Fixed,0.25%,0.25%,Bank Website
 2018-04-06,US,New York,CITIGROUP INC,C,USD,Bank,Deposits,CD,12MCDF,1 year,50000,99999,Offline,12,Fixed,0.25%,0.25%,Bank Website
 2018-04-06,US,New York,CITIGROUP INC,C,USD,Bank,Deposits,CD,12MCDF,1 year,100000,499999,Offline,12,Fixed,0.25%,0.25%,Bank Website
 2018-04-06,US,New York,CITIGROUP INC,C,USD,Bank,Deposits,CD,12MCDF,1 year,500000,999999,Offline,12,Fixed,0.25%,0.25%,Bank Website
 2018-04-06,US,New York,CITIGROUP INC,C,USD,Bank,Deposits,CD,12MCDF,1 year,1000000,,Offline,12,Fixed,0.25%,0.25%,Bank Website
 2018-04-06,US,New York,CITIGROUP INC,C,USD,Bank,Deposits,CD,36MCDF,3 years,,10000,Offline,36,Fixed,0.70%,0.70%,Bank Website
 2018-04-06,US,New York,CITIGROUP INC,C,USD,Bank,Deposits,CD,36MCDF,3 years,10000,24999,Offline,36,Fixed,0.70%,0.70%,Bank Website
 2018-04-06,US,New York,CITIGROUP INC,C,USD,Bank,Deposits,CD,36MCDF,3 years,25000,49999,Offline,36,Fixed,0.70%,0.70%,Bank Website
 2018-04-06,US,New York,CITIGROUP INC,C,USD,Bank,Deposits,CD,36MCDF,3 years,50000,99999,Offline,36,Fixed,0.70%,0.70%,Bank Website
 2018-04-06,US,New York,CITIGROUP INC,C,USD,Bank,Deposits,CD,36MCDF,3 years,100000,499999,Offline,36,Fixed,0.70%,0.70%,Bank Website
 2018-04-06,US,New York,CITIGROUP INC,C,USD,Bank,Deposits,CD,36MCDF,3 years,500000,999999,Offline,36,Fixed,0.70%,0.70%,Bank Website
 2018-04-06,US,New York,CITIGROUP INC,C,USD,Bank,Deposits,CD,36MCDF,3 years,1000000,,Offline,36,Fixed,0.70%,0.70%,Bank Website
 2018-04-06,US,New York,JP MORGAN CHASE & Co.,JPM,USD,Bank,Deposits,Checking,_MCCF,Chase Premier Plus Checking SM,0,4999,Offline,,Fixed,0.01%,0.01%,Bank Website
 2018-04-06,US,New York,JP MORGAN CHASE & Co.,JPM,USD,Bank,Deposits,Checking,_MCCF,Chase Premier Plus Checking SM,5000,9999,Offline,,Fixed,0.01%,0.01%,Bank Website
 2018-04-06,US,New York,JP MORGAN CHASE & Co.,JPM,USD,Bank,Deposits,Checking,_MCCF,Chase Premier Plus Checking SM,10000,24999,Offline,,Fixed,0.01%,0.01%,Bank Website
 2018-04-06,US,New York,JP MORGAN CHASE & Co.,JPM,USD,Bank,Deposits,Checking,_MCCF,Chase Premier Plus Checking SM,25000,,Offline,,Fixed,0.01%,0.01%,Bank Website
 2018-04-06,US,New York,JP MORGAN CHASE & Co.,JPM,USD,Bank,Deposits,Savings,_MSBF,Chase Savings SM,,,Offline,,Fixed,0.01%,0.01%,Bank Website
 2018-04-06,US,New York,PNC FINANCIAL SERVICES GROUP INC,PNC,USD,Bank,Deposits,Checking,_MCCF,Performance Interest Checking,10000,49999,offline,,Fixed,0.01%,0.01%,Bank Website
 2018-04-06,US,New York,PNC FINANCIAL SERVICES GROUP INC,PNC,USD,Bank,Deposits,Checking,_MCCF,Performance Interest Checking,50000,99999,offline,,Fixed,0.01%,0.01%,Bank Website
 2018-04-06,US,New York,PNC FINANCIAL SERVICES GROUP INC,PNC,USD,Bank,Deposits,Checking,_MCCF,Performance Interest Checking,100000,,offline,,Fixed,0.01%,0.01%,Bank Website
 2018-04-06,US,New York,PNC FINANCIAL SERVICES GROUP INC,PNC,USD,Bank,Deposits,Checking,_MCCF,Performance Select Interest Checking,2000,9999,offline,,Fixed,0.01%,0.01%,Bank Website
 2018-04-06,US,New York,PNC FINANCIAL SERVICES GROUP INC,PNC,USD,Bank,Deposits,Checking,_MCCF,Performance Select Interest Checking,10000,49999,offline,,Fixed,0.01%,0.01%,Bank Website
 2018-04-06,US,New York,PNC FINANCIAL SERVICES GROUP INC,PNC,USD,Bank,Deposits,Checking,_MCCF,Performance Select Interest Checking,50000,99999,offline,,Fixed,0.01%,0.01%,Bank Website
 2018-04-06,US,New York,PNC FINANCIAL SERVICES GROUP INC,PNC,USD,Bank,Deposits,Checking,_MCCF,Performance Select Interest Checking,100000,,offline,,Fixed,0.01%,0.01%,Bank Website
 2018-04-06,US,New York,PNC FINANCIAL SERVICES GROUP INC,PNC,USD,Bank,Deposits,Savings,_MSBF,Standard Rates,1,2499,offline,,Fixed,0.01%,0.01%,Bank Website
 2018-04-06,US,New York,PNC FINANCIAL SERVICES GROUP INC,PNC,USD,Bank,Deposits,Savings,_MSBF,Standard Rates,2500,,offline,,Fixed,0.01%,0.01%,Bank Website
 2018-04-06,US,New York,PNC FINANCIAL SERVICES GROUP INC,PNC,USD,Bank,Deposits,Savings,_MSBF,'S' is for Savings,1,499,offline,,Fixed,0.01%,0.01%,Bank Website
 2018-04-06,US,New York,PNC FINANCIAL SERVICES GROUP INC,PNC,USD,Bank,Deposits,Savings,_MSBF,'S' is for Savings,500,1499,offline,,Fixed,0.01%,0.01%,Bank Website
 2018-04-06,US,New York,PNC FINANCIAL SERVICES GROUP INC,PNC,USD,Bank,Deposits,Savings,_MSBF,'S' is for Savings,1500,,offline,,Fixed,0.01%,0.01%,Bank Website
 2018-04-06,US,New York,PNC FINANCIAL SERVICES GROUP INC,PNC,USD,Bank,Deposits,Savings,_MSBF,Premiere Money Market Account,1,9999,offline,,Fixed,0.03%,0.03%,Bank Website
 2018-04-06,US,New York,PNC FINANCIAL SERVICES GROUP INC,PNC,USD,Bank,Deposits,Savings,_MSBF,Premiere Money Market Account,10000,24999,offline,,Fixed,0.09%,0.09%,Bank Website
 2018-04-06,US,New York,PNC FINANCIAL SERVICES GROUP INC,PNC,USD,Bank,Deposits,Savings,_MSBF,Premiere Money Market Account,25000,49999,offline,,Fixed,0.11%,0.11%,Bank Website
 2018-04-06,US,New York,PNC FINANCIAL SERVICES GROUP INC,PNC,USD,Bank,Deposits,Savings,_MSBF,Premiere Money Market Account,50000,99999,offline,,Fixed,0.13%,0.13%,Bank Website
 2018-04-06,US,New York,PNC FINANCIAL SERVICES GROUP INC,PNC,USD,Bank,Deposits,Savings,_MSBF,Premiere Money Market Account,100000,249999,offline,,Fixed,0.15%,0.15%,Bank Website
 2018-04-06,US,New York,PNC FINANCIAL SERVICES GROUP INC,PNC,USD,Bank,Deposits,Savings,_MSBF,Premiere Money Market Account,250000,499999,offline,,Fixed,0.15%,0.15%,Bank Website
 2018-04-06,US,New York,PNC FINANCIAL SERVICES GROUP INC,PNC,USD,Bank,Deposits,Savings,_MSBF,Premiere Money Market Account,500000,999999,offline,,Fixed,0.17%,0.17%,Bank Website
 2018-04-06,US,New York,PNC FINANCIAL SERVICES GROUP INC,PNC,USD,Bank,Deposits,Savings,_MSBF,Premiere Money Market Account,1000000,,offline,,Fixed,0.17%,0.17%,Bank Website
 2018-04-06,US,New York,PNC FINANCIAL SERVICES GROUP INC,PNC,USD,Bank,Deposits,CD,6MCDF,Fixed Rate Certificate of Deposit,1,999,offline,6,Fixed,0.04%,0.04%,Bank Website
 2018-04-06,US,New York,PNC FINANCIAL SERVICES GROUP INC,PNC,USD,Bank,Deposits,CD,6MCDF,Fixed Rate Certificate of Deposit,1000,9999,offline,6,Fixed,0.06%,0.06%,Bank Website
 2018-04-06,US,New York,PNC FINANCIAL SERVICES GROUP INC,PNC,USD,Bank,Deposits,CD,6MCDF,Fixed Rate Certificate of Deposit,10000,24999,offline,6,Fixed,0.08%,0.08%,Bank Website
 2018-04-06,US,New York,PNC FINANCIAL SERVICES GROUP INC,PNC,USD,Bank,Deposits,CD,6MCDF,Fixed Rate Certificate of Deposit,25000,99999,offline,6,Fixed,0.10%,0.10%,Bank Website
 2018-04-06,US,New York,PNC FINANCIAL SERVICES GROUP INC,PNC,USD,Bank,Deposits,CD,6MCDF,Fixed Rate Certificate of Deposit,100000,499999,offline,6,Fixed,0.12%,0.12%,Bank Website
 2018-04-06,US,New York,PNC FINANCIAL SERVICES GROUP INC,PNC,USD,Bank,Deposits,CD,6MCDF,Fixed Rate Certificate of Deposit,500000,,offline,6,Fixed,0.14%,0.14%,Bank Website
 2018-04-06,US,New York,PNC FINANCIAL SERVICES GROUP INC,PNC,USD,Bank,Deposits,CD,12MCDF,Fixed Rate Certificate of Deposit,1,999,offline,12,Fixed,0.04%,0.04%,Bank Website
 2018-04-06,US,New York,PNC FINANCIAL SERVICES GROUP INC,PNC,USD,Bank,Deposits,CD,12MCDF,Fixed Rate Certificate of Deposit,1000,9999,offline,12,Fixed,0.15%,0.15%,Bank Website
 2018-04-06,US,New York,PNC FINANCIAL SERVICES GROUP INC,PNC,USD,Bank,Deposits,CD,12MCDF,Fixed Rate Certificate of Deposit,10000,24999,offline,12,Fixed,0.18%,0.18%,Bank Website
 2018-04-06,US,New York,PNC FINANCIAL SERVICES GROUP INC,PNC,USD,Bank,Deposits,CD,12MCDF,Fixed Rate Certificate of Deposit,25000,99999,offline,12,Fixed,0.20%,0.20%,Bank Website
 2018-04-06,US,New York,PNC FINANCIAL SERVICES GROUP INC,PNC,USD,Bank,Deposits,CD,12MCDF,Fixed Rate Certificate of Deposit,100000,499999,offline,12,Fixed,0.22%,0.22%,Bank Website
 2018-04-06,US,New York,PNC FINANCIAL SERVICES GROUP INC,PNC,USD,Bank,Deposits,CD,12MCDF,Fixed Rate Certificate of Deposit,500000,,offline,12,Fixed,0.24%,0.24%,Bank Website
 2018-04-06,US,New York,PNC FINANCIAL SERVICES GROUP INC,PNC,USD,Bank,Deposits,CD,36MCDF,Fixed Rate Certificate of Deposit,1,999,offline,36,Fixed,0.04%,0.04%,Bank Website
 2018-04-06,US,New York,PNC FINANCIAL SERVICES GROUP INC,PNC,USD,Bank,Deposits,CD,36MCDF,Fixed Rate Certificate of Deposit,1000,9999,offline,36,Fixed,0.30%,0.30%,Bank Website
 2018-04-06,US,New York,PNC FINANCIAL SERVICES GROUP INC,PNC,USD,Bank,Deposits,CD,36MCDF,Fixed Rate Certificate of Deposit,10000,24999,offline,36,Fixed,0.35%,0.35%,Bank Website
 2018-04-06,US,New York,PNC FINANCIAL SERVICES GROUP INC,PNC,USD,Bank,Deposits,CD,36MCDF,Fixed Rate Certificate of Deposit,25000,99999,offline,36,Fixed,0.40%,0.40%,Bank Website
 2018-04-06,US,New York,PNC FINANCIAL SERVICES GROUP INC,PNC,USD,Bank,Deposits,CD,36MCDF,Fixed Rate Certificate of Deposit,100000,499999,offline,36,Fixed,0.45%,0.45%,Bank Website
 2018-04-06,US,New York,PNC FINANCIAL SERVICES GROUP INC,PNC,USD,Bank,Deposits,CD,36MCDF,Fixed Rate Certificate of Deposit,500000,,offline,36,Fixed,0.50%,0.50%,Bank Website
 2018-04-06,US,New York,PNC FINANCIAL SERVICES GROUP INC,PNC,USD,Bank,Deposits,CD,12MCDF,Ready Access Certificate of Deposit,1000,,offline,12,Fixed,0.15%,0.15%,Bank Website
 2018-04-06,US,New York,SUNTRUST BANKS INC,STI,USD,Bank,Deposits,Savings,_MSBF,Essential Savings,0,,Offline,,Fixed,,,Bank Website
 2018-04-06,US,New York,SUNTRUST BANKS INC,STI,USD,Bank,Deposits,Savings,_MSBF,Select Savings,1000,,Offline,,Fixed,0.01%,0.01%,Bank Website
 2018-04-06,US,New York,SUNTRUST BANKS INC,STI,USD,Bank,Deposits,Savings,_MSBF,Select Savings,,2499,Offline,,Fixed,,,Bank Website
 2018-04-06,US,New York,SUNTRUST BANKS INC,STI,USD,Bank,Deposits,Savings,_MSBF,Select Savings,2500,9999,Offline,,Fixed,,,Bank Website
 2018-04-06,US,New York,SUNTRUST BANKS INC,STI,USD,Bank,Deposits,Savings,_MSBF,Select Savings,10000,24999,Offline,,Fixed,,,Bank Website
 2018-04-06,US,New York,SUNTRUST BANKS INC,STI,USD,Bank,Deposits,Savings,_MSBF,Select Savings,25000,49999,Offline,,Fixed,,,Bank Website
 2018-04-06,US,New York,SUNTRUST BANKS INC,STI,USD,Bank,Deposits,Savings,_MSBF,Select Savings,50000,99999,Offline,,Fixed,,,Bank Website
 2018-04-06,US,New York,SUNTRUST BANKS INC,STI,USD,Bank,Deposits,Savings,_MSBF,Select Savings,100000,249999,Offline,,Fixed,,,Bank Website
 2018-04-06,US,New York,SUNTRUST BANKS INC,STI,USD,Bank,Deposits,Savings,_MSBF,Select Savings,250000,499999,Offline,,Fixed,,,Bank Website
 2018-04-06,US,New York,SUNTRUST BANKS INC,STI,USD,Bank,Deposits,Savings,_MSBF,Select Savings,500000,999999,Offline,,Fixed,,,Bank Website
 2018-04-06,US,New York,SUNTRUST BANKS INC,STI,USD,Bank,Deposits,Savings,_MSBF,Select Savings,1,,Offline,,Fixed,,,Bank Website
 2018-04-06,US,New York,SUNTRUST BANKS INC,STI,USD,Bank,Deposits,Savings,_MSBF,Balanced Banking,3000,,Offline,,Fixed,,,Bank Website
 2018-04-06,US,New York,SUNTRUST BANKS INC,STI,USD,Bank,Deposits,Checking,_MCCF,Essential Checking,500,,Offline,,Fixed,,,Bank Website
 2018-04-06,US,New York,SUNTRUST BANKS INC,STI,USD,Bank,Deposits,Checking,_MCCF,Select Checking,,2499,Offline,,Fixed,,0.01%,Bank Website
 2018-04-06,US,New York,SUNTRUST BANKS INC,STI,USD,Bank,Deposits,Checking,_MCCF,Select Checking,2500,9999,Offline,,Fixed,,0.01%,Bank Website
 2018-04-06,US,New York,SUNTRUST BANKS INC,STI,USD,Bank,Deposits,Checking,_MCCF,Select Checking,10000,24999,Offline,,Fixed,,0.01%,Bank Website
 2018-04-06,US,New York,SUNTRUST BANKS INC,STI,USD,Bank,Deposits,Checking,_MCCF,Select Checking,25000,,Offline,,Fixed,,0.01%,Bank Website
 2018-04-06,US,New York,SUNTRUST BANKS INC,STI,USD,Bank,Deposits,Checking,_MCCF,Signature Advantage Checking,,9999,Offline,,Fixed,,0.01%,Bank Website
 2018-04-06,US,New York,SUNTRUST BANKS INC,STI,USD,Bank,Deposits,Checking,_MCCF,Signature Advantage Checking,10000,24999,Offline,,Fixed,,0.01%,Bank Website
 2018-04-06,US,New York,SUNTRUST BANKS INC,STI,USD,Bank,Deposits,Checking,_MCCF,Signature Advantage Checking,25000,49999,Offline,,Fixed,,0.01%,Bank Website
 2018-04-06,US,New York,SUNTRUST BANKS INC,STI,USD,Bank,Deposits,Checking,_MCCF,Signature Advantage Checking,50000,99999,Offline,,Fixed,,0.01%,Bank Website
 2018-04-06,US,New York,SUNTRUST BANKS INC,STI,USD,Bank,Deposits,Checking,_MCCF,Signature Advantage Checking,100000,249999,Offline,,Fixed,,0.01%,Bank Website
 2018-04-06,US,New York,SUNTRUST BANKS INC,STI,USD,Bank,Deposits,Checking,_MCCF,Signature Advantage Checking,250000,499999,Offline,,Fixed,,0.01%,Bank Website
 2018-04-06,US,New York,SUNTRUST BANKS INC,STI,USD,Bank,Deposits,Checking,_MCCF,Signature Advantage Checking,500000,999999,Offline,,Fixed,,0.01%,Bank Website
 2018-04-06,US,New York,SUNTRUST BANKS INC,STI,USD,Bank,Deposits,Checking,_MCCF,Signature Advantage Checking,1000000,1999999,Offline,,Fixed,,0.01%,Bank Website
 2018-04-06,US,New York,SUNTRUST BANKS INC,STI,USD,Bank,Deposits,Checking,_MCCF,Signature Advantage Checking,2000000,,Offline,,Fixed,,0.01%,Bank Website
 2018-04-06,US,New York,SUNTRUST BANKS INC,STI,USD,Bank,Deposits,Savings,_MSBF,Signature Advantage Brokerage,,9999,Offline,,Fixed,,0.01%,Bank Website
 2018-04-06,US,New York,SUNTRUST BANKS INC,STI,USD,Bank,Deposits,Savings,_MSBF,Signature Advantage Brokerage,10000,24999,Offline,,Fixed,,0.03%,Bank Website
 2018-04-06,US,New York,SUNTRUST BANKS INC,STI,USD,Bank,Deposits,Savings,_MSBF,Signature Advantage Brokerage,25000,49999,Offline,,Fixed,,0.05%,Bank Website
 2018-04-06,US,New York,SUNTRUST BANKS INC,STI,USD,Bank,Deposits,Savings,_MSBF,Signature Advantage Brokerage,50000,99999,Offline,,Fixed,,0.05%,Bank Website
 2018-04-06,US,New York,SUNTRUST BANKS INC,STI,USD,Bank,Deposits,Savings,_MSBF,Signature Advantage Brokerage,100000,249999,Offline,,Fixed,,0.05%,Bank Website
 2018-04-06,US,New York,SUNTRUST BANKS INC,STI,USD,Bank,Deposits,Savings,_MSBF,Signature Advantage Brokerage,250000,499999,Offline,,Fixed,,0.05%,Bank Website
 2018-04-06,US,New York,SUNTRUST BANKS INC,STI,USD,Bank,Deposits,Savings,_MSBF,Signature Advantage Brokerage,500000,999999,Offline,,Fixed,,0.05%,Bank Website
 2018-04-06,US,New York,SUNTRUST BANKS INC,STI,USD,Bank,Deposits,Savings,_MSBF,Signature Advantage Brokerage,1000000,1999999,Offline,,Fixed,,0.05%,Bank Website
 2018-04-06,US,New York,SUNTRUST BANKS INC,STI,USD,Bank,Deposits,Savings,_MSBF,Signature Advantage Brokerage,2000000,,Offline,,Fixed,,0.05%,Bank Website
 2018-04-06,US,New York,SYNCHRONY,SYF,USD,Bank,Deposits,CD,6MCDF,CD_6-month,2000,,Online,6,Fixed,,1.00%,Bank Website
 2018-04-06,US,New York,SYNCHRONY,SYF,USD,Bank,Deposits,CD,12MCDF,CD_12-month,2000,,Online,12,Fixed,,2.05%,Bank Website
 2018-04-06,US,New York,SYNCHRONY,SYF,USD,Bank,Deposits,CD,36MCDF,CD_36-month,2000,,Online,36,Fixed,,2.25%,Bank Website
 2018-04-06,US,New York,WELLS FARGO,WFC,USD,Bank,Deposits,Checking,_MCCF,Wells Fargo Everyday Checking,,,Offline,,Fixed,,,Bank Website
 2018-04-06,US,New York,WELLS FARGO,WFC,USD,Bank,Deposits,Savings,_MSBF,Platinum Savings - Special Interest,25000,99999,Offline,,Fixed,1.25%,0.33%,Bank Website
 2018-04-06,US,New York,WELLS FARGO,WFC,USD,Bank,Deposits,CD,6MCDF,CD,0,4999,Offline,6,Fixed,0.05%,0.05%,Bank Website
 2018-04-06,US,New York,WELLS FARGO,WFC,USD,Bank,Deposits,CD,6MCDF,CD,5000,9999,Offline,6,Fixed,0.05%,0.05%,Bank Website
 2018-04-06,US,New York,WELLS FARGO,WFC,USD,Bank,Deposits,CD,6MCDF,CD,10000,24999,Offline,6,Fixed,0.05%,0.05%,Bank Website
 2018-04-06,US,New York,WELLS FARGO,WFC,USD,Bank,Deposits,CD,6MCDF,CD,25000,49999,Offline,6,Fixed,0.05%,0.05%,Bank Website
 2018-04-06,US,New York,WELLS FARGO,WFC,USD,Bank,Deposits,CD,6MCDF,CD,50000,99999,Offline,6,Fixed,0.05%,0.05%,Bank Website
 2018-04-06,US,New York,WELLS FARGO,WFC,USD,Bank,Deposits,CD,6MCDF,CD,100000,,Offline,6,Fixed,0.05%,0.05%,Bank Website
 2018-04-06,US,New York,WELLS FARGO,WFC,USD,Bank,Deposits,CD,12MCDF,CD,0,4999,Offline,12,Fixed,0.10%,0.10%,Bank Website
 2018-04-06,US,New York,WELLS FARGO,WFC,USD,Bank,Deposits,CD,12MCDF,CD,5000,9999,Offline,12,Fixed,0.10%,0.10%,Bank Website
 2018-04-06,US,New York,WELLS FARGO,WFC,USD,Bank,Deposits,CD,12MCDF,CD,10000,24999,Offline,12,Fixed,0.10%,0.10%,Bank Website
 2018-04-06,US,New York,WELLS FARGO,WFC,USD,Bank,Deposits,CD,12MCDF,CD,25000,49999,Offline,12,Fixed,0.10%,0.10%,Bank Website
 2018-04-06,US,New York,WELLS FARGO,WFC,USD,Bank,Deposits,CD,12MCDF,CD,50000,99999,Offline,12,Fixed,0.10%,0.10%,Bank Website
 2018-04-06,US,New York,WELLS FARGO,WFC,USD,Bank,Deposits,CD,12MCDF,CD,100000,,Offline,12,Fixed,0.10%,0.10%,Bank Website
 2018-04-06,US,New York,ALLY,ALLY,USD,Bank,Deposits,Savings,_MSBF,Savings,0,,Online,,Fixed,,1.45%,bankrate.com
 2018-04-06,US,New York,CITIGROUP INC,C,USD,Bank,Deposits,Savings,_MSBF,Moneymarket,100,,Offline,,Fixed,,0.04%,bankrate.com
 2018-04-06,US,New York,BANK OF AMERICA CORP,BAC,USD,Bank,Deposits,Savings,_MSBF,Savings,100,,Offline,,Fixed,,0.03%,bankrate.com
 2018-04-06,US,New York,JP MORGAN CHASE & Co.,JPM,USD,Bank,Deposits,Savings,_MSBF,Savings,25,,Offline,,Fixed,,0.01%,bankrate.com
 2018-04-06,US,New York,CAPITAL ONE,COF,USD,Bank,Deposits,CD,36MCDF,CD,0,,Online,36,Fixed,,2.30%,bankrate.com
 2018-04-06,US,New York,SYNCHRONY,SYF,USD,Bank,Deposits,CD,36MCDF,CD,2000,,Online,36,Fixed,,2.25%,bankrate.com
 2018-04-06,US,New York,ALLY,ALLY,USD,Bank,Deposits,CD,36MCDF,CD,25000,,Online,36,Fixed,,2.10%,bankrate.com
 2018-04-06,US,New York,CAPITAL ONE,COF,USD,Bank,Deposits,CD,12MCDF,CD,0,,Online,12,Fixed,,2.05%,bankrate.com
 2018-04-06,US,New York,SYNCHRONY,SYF,USD,Bank,Deposits,CD,12MCDF,CD,2000,,Online,12,Fixed,,2.05%,bankrate.com
 2018-04-06,US,New York,ALLY,ALLY,USD,Bank,Deposits,CD,12MCDF,CD,25000,,Online,12,Fixed,,2.00%,bankrate.com
 2018-04-06,US,New York,CITIGROUP INC,C,USD,Bank,Deposits,CD,36MCDF,CD,500,,Offline,36,Fixed,,0.70%,bankrate.com
 2018-04-06,US,New York,BANK OF AMERICA CORP,BAC,USD,Bank,Deposits,CD,36MCDF,CD,1000,,Offline,36,Fixed,,0.55%,bankrate.com
 2018-04-06,US,New York,CITIGROUP INC,C,USD,Bank,Deposits,CD,12MCDF,CD,500,,Offline,12,Fixed,,0.25%,bankrate.com
 2018-04-06,US,New York,CITIGROUP INC,C,USD,Bank,Deposits,CD,6MCDF,CD,500,,Offline,6,Fixed,,0.07%,bankrate.com
 2018-04-06,US,New York,JP MORGAN CHASE & Co.,JPM,USD,Bank,Deposits,CD,36MCDF,CD,1000,,Offline,36,Fixed,,0.05%,bankrate.com
 2018-04-06,US,New York,BANK OF AMERICA CORP,BAC,USD,Bank,Deposits,CD,12MCDF,CD,1000,,Offline,12,Fixed,,0.05%,bankrate.com
 2018-04-06,US,New York,BANK OF AMERICA CORP,BAC,USD,Bank,Deposits,CD,6MCDF,CD,1000,,Offline,6,Fixed,,0.03%,bankrate.com
 2018-04-06,US,New York,JP MORGAN CHASE & Co.,JPM,USD,Bank,Deposits,CD,6MCDF,CD,1000,,Offline,6,Fixed,,0.01%,bankrate.com
 2018-04-06,US,New York,JP MORGAN CHASE & Co.,JPM,USD,Bank,Deposits,CD,12MCDF,CD,1000,,Offline,12,Fixed,,0.01%,bankrate.com
 2018-04-06,US,New York,JP MORGAN CHASE & Co.,JPM,USD,Bank,Deposits,Checking,_MCCF,Checkings,,,Offline,,Fixed,,0.01%,bankrate.com
 2018-04-06,US,New York,BANK OF AMERICA CORP,BAC,USD,Bank,Deposits,Checking,_MCCF,Checkings,,,Offline,,Fixed,,0.01%,bankrate.com
 2018-04-06,US,New York,CITIGROUP INC,C,USD,Bank,Deposits,Checking,_MCCF,Checkings,,,Offline,,Fixed,,0.01%,bankrate.com
 2018-04-06,US,New York,SYNCHRONY,SYF,USD,Bank,Deposits,Savings,_MSBF,High Yield Savings,,,Online,,Fixed,,1.55%,DepositsAccount.com
 2018-04-06,US,New York,ALLY,ALLY,USD,Bank,Deposits,Savings,_MSBF,Online Savings Account,,,Online,,Fixed,,1.45%,DepositsAccount.com
 2018-04-06,US,New York,ALLY,ALLY,USD,Bank,Deposits,Checking,_MCCF,Interest Checking Account,15000,,Online,,Fixed,,0.60%,DepositsAccount.com
 2018-04-06,US,New York,CAPITAL ONE,COF,USD,Bank,Deposits,CD,12MCDF,12 Month 360 CD,,,Offline,12,Fixed,,2.05%,DepositsAccount.com
 2018-04-06,US,New York,SYNCHRONY,SYF,USD,Bank,Deposits,CD,12MCDF,12 Month CD,2000,,Online,12,Fixed,,2.05%,DepositsAccount.com
 2018-04-06,US,New York,SYNCHRONY,SYF,USD,Bank,Deposits,CD,36MCDF,36 Month CD,2000,,Online,36,Fixed,,2.25%,DepositsAccount.com
 2018-04-06,US,New York,ALLY,ALLY,USD,Bank,Deposits,CD,36MCDF,High Yield 3 Year CD,25000,,Online,36,Fixed,,2.10%,DepositsAccount.com
 2018-04-06,US,New York,CAPITAL ONE,COF,USD,Bank,Deposits,Savings,_MSBF,360 Savings Account,,,Offline,,Fixed,,1.00%,DepositsAccount.com
 2018-04-06,US,New York,BANK OF AMERICA CORP,BAC,USD,Bank,Deposits,Savings,_MSBF,Rewards Savings,,,Offline,,Fixed,,0.03%,DepositsAccount.com
 2018-04-06,US,New York,JP MORGAN CHASE & Co.,JPM,USD,Bank,Deposits,Savings,_MSBF,Chase Premier Savings - Standard,,,Offline,,Fixed,,0.01%,DepositsAccount.com
 2018-04-06,US,New York,WELLS FARGO,WFC,USD,Bank,Deposits,Savings,_MSBF,Platinum Savings - Standard Interest Rate,,,Offline,,Fixed,,0.01%,DepositsAccount.com
 2018-04-06,US,New York,PNC FINANCIAL SERVICES GROUP INC,PNC,USD,Bank,Deposits,Savings,_MSBF,Standard Savings,,,Offline,,Fixed,,0.01%,DepositsAccount.com
 2018-04-06,US,New York,CAPITAL ONE,COF,USD,Bank,Deposits,Checking,_MCCF,360 Checking,,,Offline,,Fixed,,0.20%,DepositsAccount.com
 2018-04-06,US,New York,BANK OF AMERICA CORP,BAC,USD,Bank,Deposits,Checking,_MCCF,Bank of America Interest Checking,,,Offline,,Fixed,,0.01%,DepositsAccount.com
 2018-04-06,US,New York,JP MORGAN CHASE & Co.,JPM,USD,Bank,Deposits,Checking,_MCCF,Chase Premier Platinum Checking,,,Offline,,Fixed,,0.01%,DepositsAccount.com
 2018-04-06,US,New York,PNC FINANCIAL SERVICES GROUP INC,PNC,USD,Bank,Deposits,Checking,_MCCF,Performance Interest Checking,2000,,Offline,,Fixed,,0.01%,DepositsAccount.com
 2018-04-06,US,New York,WELLS FARGO,WFC,USD,Bank,Deposits,Checking,_MCCF,Preferred Checking,,,Offline,,Fixed,,0.01%,DepositsAccount.com
 2018-04-06,US,New York,SUNTRUST BANKS INC,STI,USD,Bank,Deposits,Checking,_MCCF,Select Checking,,,Offline,,Fixed,,0.01%,DepositsAccount.com
 2018-04-06,US,New York,BANK OF AMERICA CORP,BAC,USD,Bank,Deposits,CD,6MCDF,6 - 11 Month CD,1000,,Offline,6,Fixed,,0.03%,DepositsAccount.com
 2018-04-06,US,New York,JP MORGAN CHASE & Co.,JPM,USD,Bank,Deposits,CD,6MCDF,6-8 Month CD - Standard,1000,100000,Offline,6,Fixed,,0.01%,DepositsAccount.com
 2018-04-06,US,New York,PNC FINANCIAL SERVICES GROUP INC,PNC,USD,Bank,Deposits,CD,12MCDF,12 Month CD,25000,,Offline,12,Fixed,,0.20%,DepositsAccount.com
 2018-04-06,US,New York,WELLS FARGO,WFC,USD,Bank,Deposits,CD,12MCDF,1 Year CD,,,Offline,12,Fixed,,0.10%,DepositsAccount.com
 2018-04-06,US,New York,BANK OF AMERICA CORP,BAC,USD,Bank,Deposits,CD,12MCDF,12 Month Featured CD,10000,25000,Offline,12,Fixed,,0.07%,DepositsAccount.com
 2018-04-06,US,New York,JP MORGAN CHASE & Co.,JPM,USD,Bank,Deposits,CD,12MCDF,12-14 Month CD - Standard,1000,100000,Offline,12,Fixed,,0.01%,DepositsAccount.com
 2018-04-06,US,New York,CAPITAL ONE,COF,USD,Bank,Deposits,CD,36MCDF,36 Month 360 CD,,,Offline,36,Fixed,,2.30%,DepositsAccount.com
 2018-04-06,US,New York,BANK OF AMERICA CORP,BAC,USD,Bank,Deposits,CD,36MCDF,36 - 47 Month CD,1000,,Offline,36,Fixed,,0.55%,DepositsAccount.com
 2018-04-06,US,New York,PNC FINANCIAL SERVICES GROUP INC,PNC,USD,Bank,Deposits,CD,36MCDF,36 Month Callable CD Special,10000,,Offline,36,Fixed,,0.50%,DepositsAccount.com
 2018-04-06,US,New York,JP MORGAN CHASE & Co.,JPM,USD,Bank,Deposits,CD,36MCDF,36-41 Month CD - Standard,1000,,Offline,36,Fixed,,0.05%,DepositsAccount.com
 2018-04-06,US,New York,JP MORGAN CHASE & Co.,JPM,USD,Bank,Deposits,Savings,_MSBF,Chase Savings,25,,Offline,,Fixed,,0.01%,www.mybanktracker.com
 2018-04-06,US,New York,BANK OF AMERICA CORP,BAC,USD,Bank,Deposits,Savings,_MSBF,Rewards Savings,0,,Offline,,Fixed,,0.03%,www.mybanktracker.com
 2018-04-06,US,New York,CITIGROUP INC,C,USD,Bank,Deposits,Savings,_MSBF,Citi Savings Account,0,,Offline,,Fixed,,0.04%,www.mybanktracker.com
 2018-04-06,US,New York,CITIGROUP INC,C,USD,Bank,Deposits,Savings,_MSBF,Citi Savings Account,25000,,Offline,,Fixed,,0.06%,www.mybanktracker.com
 2018-04-06,US,New York,WELLS FARGO,WFC,USD,Bank,Deposits,Savings,_MSBF,Way2Save,0,,Offline,,Fixed,,0.01%,www.mybanktracker.com
 2018-04-06,US,New York,PNC FINANCIAL SERVICES GROUP INC,PNC,USD,Bank,Deposits,Savings,_MSBF,Standard Savings,1,,Offline,,Fixed,,0.01%,www.mybanktracker.com
 2018-04-06,US,New York,CAPITAL ONE,COF,USD,Bank,Deposits,Savings,_MSBF,360 Money Market,10000,,Online,,Fixed,,1.50%,www.mybanktracker.com
 2018-04-06,US,New York,ALLY,ALLY,USD,Bank,Deposits,Savings,_MSBF,Online Savings Account,0,,Online,,Fixed,,1.45%,www.mybanktracker.com
 2018-04-06,US,New York,SYNCHRONY,SYF,USD,Bank,Deposits,Savings,_MSBF,High Yield Savings,0,,Online,,Fixed,,1.55%,www.mybanktracker.com
 2018-04-06,US,New York,CAPITAL ONE,COF,USD,Bank,Deposits,Checking,_MCCF,360 Checking,0,,Online,,Fixed,,0.20%,www.mybanktracker.com
 2018-04-06,US,New York,CAPITAL ONE,COF,USD,Bank,Deposits,Checking,_MCCF,360 Checking,50000,,Online,,Fixed,,0.75%,www.mybanktracker.com
 2018-04-06,US,New York,CAPITAL ONE,COF,USD,Bank,Deposits,Checking,_MCCF,360 Checking,100000,,Online,,Fixed,,1.00%,www.mybanktracker.com
 2018-04-06,US,New York,ALLY,ALLY,USD,Bank,Deposits,Checking,_MCCF,Interest Checking,0,,Online,,Fixed,,0.10%,www.mybanktracker.com
 2018-04-06,US,New York,ALLY,ALLY,USD,Bank,Deposits,Checking,_MCCF,Interest Checking,15000,,Online,,Fixed,,0.60%,www.mybanktracker.com
 2018-04-06,US,New York,CITIGROUP INC,C,USD,Bank,Deposits,Checking,_MCCF,Interest Checking Account,1,,Offline,,Fixed,,0.01%,www.mybanktracker.com
 2018-04-06,US,New York,WELLS FARGO,WFC,USD,Bank,Deposits,Checking,_MCCF,Preferred Package,500,,Offline,,Fixed,,0.01%,www.mybanktracker.com
 2018-04-06,US,New York,BANK OF AMERICA CORP,BAC,USD,Bank,Deposits,Checking,_MCCF,Advantage with Tiered Interest Checking,0,,Offline,,Fixed,,0.01%,www.mybanktracker.com
 2018-04-06,US,New York,BANK OF AMERICA CORP,BAC,USD,Bank,Deposits,Checking,_MCCF,Advantage with Tiered Interest Checking,1000,,Offline,,Fixed,,0.02%,www.mybanktracker.com
 2018-04-06,US,New York,BANK OF AMERICA CORP,BAC,USD,Bank,Deposits,Checking,_MCCF,Advantage with Tiered Interest Checking,10000,,Offline,,Fixed,,0.02%,www.mybanktracker.com
 2018-04-06,US,New York,SYNCHRONY,SYF,USD,Bank,Deposits,CD,12MCDF,12 Month CD for RT,2000,,Online,12,Fixed,,2.05%,www.mybanktracker.com
 2018-04-06,US,New York,SYNCHRONY,SYF,USD,Bank,Deposits,CD,36MCDF,36 Month CD for RT,2000,,Online,36,Fixed,,2.25%,www.mybanktracker.com
 2018-04-06,US,New York,ALLY,ALLY,USD,Bank,Deposits,CD,6MCDF,6 Month CD,0,,Online,6,Fixed,,1.50%,www.mybanktracker.com
 2018-04-06,US,New York,ALLY,ALLY,USD,Bank,Deposits,CD,6MCDF,6 Month CD,5000,,Online,6,Fixed,,1.60%,www.mybanktracker.com
 2018-04-06,US,New York,ALLY,ALLY,USD,Bank,Deposits,CD,6MCDF,6 Month CD,25000,,Online,6,Fixed,,1.75%,www.mybanktracker.com
 2018-04-06,US,New York,ALLY,ALLY,USD,Bank,Deposits,CD,36MCDF,36 Month CD,0,,Online,36,Fixed,,1.85%,www.mybanktracker.com
 2018-04-06,US,New York,ALLY,ALLY,USD,Bank,Deposits,CD,36MCDF,36 Month CD,5000,,Online,36,Fixed,,2.00%,www.mybanktracker.com
 2018-04-06,US,New York,ALLY,ALLY,USD,Bank,Deposits,CD,36MCDF,36 Month CD,25000,,Online,36,Fixed,,2.10%,www.mybanktracker.com
 2018-04-06,US,New York,ALLY,ALLY,USD,Bank,Deposits,CD,12MCDF,12 Month CD RT,0,,Online,12,Fixed,,1.75%,www.mybanktracker.com
 2018-04-06,US,New York,ALLY,ALLY,USD,Bank,Deposits,CD,12MCDF,12 Month CD RT,5000,,Online,12,Fixed,,1.85%,www.mybanktracker.com
 2018-04-06,US,New York,ALLY,ALLY,USD,Bank,Deposits,CD,12MCDF,12 Month CD RT,25000,,Online,12,Fixed,,2.00%,www.mybanktracker.com
 2018-04-06,US,New York,CAPITAL ONE,COF,USD,Bank,Deposits,CD,12MCDF,CD for RT 12,0,,Online,12,Fixed,,2.05%,www.mybanktracker.com
 2018-04-06,US,New York,BANK OF AMERICA CORP,BAC,USD,Bank,Deposits,CD,6MCDF,Bank of America CDs RT Organic,1,,Offline,6,Fixed,,0.03%,www.mybanktracker.com
 2018-04-06,US,New York,BANK OF AMERICA CORP,BAC,USD,Bank,Deposits,CD,12MCDF,Bank of America CDs RT Organic,1,,Offline,12,Fixed,,0.05%,www.mybanktracker.com
 2018-04-06,US,New York,BANK OF AMERICA CORP,BAC,USD,Bank,Deposits,CD,36MCDF,Bank of America CDs RT Organic,1,,Offline,36,Fixed,,0.55%,www.mybanktracker.com
 2018-04-06,US,New York,BANK OF AMERICA CORP,BAC,USD,Bank,Deposits,CD,6MCDF,Bank of America CDs RT Organic,10000,,Offline,6,Fixed,,0.03%,www.mybanktracker.com
 2018-04-06,US,New York,BANK OF AMERICA CORP,BAC,USD,Bank,Deposits,CD,12MCDF,Bank of America CDs RT Organic,10000,,Offline,12,Fixed,,0.05%,www.mybanktracker.com
 2018-04-06,US,New York,BANK OF AMERICA CORP,BAC,USD,Bank,Deposits,CD,36MCDF,Bank of America CDs RT Organic,10000,,Offline,36,Fixed,,0.55%,www.mybanktracker.com
 2018-04-06,US,New York,BANK OF AMERICA CORP,BAC,USD,Bank,Deposits,CD,6MCDF,Bank of America CDs RT Organic,25000,,Offline,6,Fixed,,0.03%,www.mybanktracker.com
 2018-04-06,US,New York,BANK OF AMERICA CORP,BAC,USD,Bank,Deposits,CD,12MCDF,Bank of America CDs RT Organic,25000,,Offline,12,Fixed,,0.05%,www.mybanktracker.com
 2018-04-06,US,New York,BANK OF AMERICA CORP,BAC,USD,Bank,Deposits,CD,36MCDF,Bank of America CDs RT Organic,25000,,Offline,36,Fixed,,0.55%,www.mybanktracker.com
 2018-04-06,US,New York,BANK OF AMERICA CORP,BAC,USD,Bank,Deposits,CD,6MCDF,Bank of America CDs RT Organic,50000,,Offline,6,Fixed,,0.03%,www.mybanktracker.com
 2018-04-06,US,New York,BANK OF AMERICA CORP,BAC,USD,Bank,Deposits,CD,12MCDF,Bank of America CDs RT Organic,50000,,Offline,12,Fixed,,0.05%,www.mybanktracker.com
 2018-04-06,US,New York,BANK OF AMERICA CORP,BAC,USD,Bank,Deposits,CD,36MCDF,Bank of America CDs RT Organic,50000,,Offline,36,Fixed,,0.55%,www.mybanktracker.com
 2018-04-06,US,New York,BANK OF AMERICA CORP,BAC,USD,Bank,Deposits,CD,6MCDF,Bank of America CDs RT Organic,100000,,Offline,6,Fixed,,0.03%,www.mybanktracker.com
 2018-04-06,US,New York,BANK OF AMERICA CORP,BAC,USD,Bank,Deposits,CD,12MCDF,Bank of America CDs RT Organic,100000,,Offline,12,Fixed,,0.05%,www.mybanktracker.com
 2018-04-06,US,New York,BANK OF AMERICA CORP,BAC,USD,Bank,Deposits,CD,36MCDF,Bank of America CDs RT Organic,100000,,Offline,36,Fixed,,0.55%,www.mybanktracker.com
 2018-04-06,US,New York,BANK OF AMERICA CORP,BAC,USD,Bank,Deposits,CD,6MCDF,Bank of America CDs RT Organic,500000,,Offline,6,Fixed,,0.03%,www.mybanktracker.com
 2018-04-06,US,New York,BANK OF AMERICA CORP,BAC,USD,Bank,Deposits,CD,12MCDF,Bank of America CDs RT Organic,500000,,Offline,12,Fixed,,0.05%,www.mybanktracker.com
 2018-04-06,US,New York,BANK OF AMERICA CORP,BAC,USD,Bank,Deposits,CD,36MCDF,Bank of America CDs RT Organic,500000,,Offline,36,Fixed,,0.55%,www.mybanktracker.com
 2018-04-06,US,New York,CITIGROUP INC,C,USD,Bank,Deposits,CD,6MCDF,Citibank CDs RT Organic,1,,Offline,6,Fixed,,0.07%,www.mybanktracker.com
 2018-04-06,US,New York,CITIGROUP INC,C,USD,Bank,Deposits,CD,12MCDF,Citibank CDs RT Organic,1,,Offline,12,Fixed,,0.15%,www.mybanktracker.com
 2018-04-06,US,New York,CITIGROUP INC,C,USD,Bank,Deposits,CD,36MCDF,Citibank CDs RT Organic,1,,Offline,36,Fixed,,0.50%,www.mybanktracker.com
 2018-04-06,US,New York,WELLS FARGO,WFC,USD,Bank,Deposits,CD,6MCDF,Wells Fargo CDs RT Organic,1,,Offline,6,Fixed,,0.05%,www.mybanktracker.com
 2018-04-06,US,New York,WELLS FARGO,WFC,USD,Bank,Deposits,CD,12MCDF,Wells Fargo CDs RT Organic,1,,Offline,12,Fixed,,0.10%,www.mybanktracker.com
 2018-04-06,US,New York,PNC FINANCIAL SERVICES GROUP INC,PNC,USD,Bank,Deposits,CD,6MCDF,PNC CDs RT Organic,1,,Offline,6,Fixed,,0.04%,www.mybanktracker.com
 2018-04-06,US,New York,PNC FINANCIAL SERVICES GROUP INC,PNC,USD,Bank,Deposits,CD,6MCDF,PNC CDs RT Organic,1000,,Offline,6,Fixed,,0.06%,www.mybanktracker.com
 2018-04-06,US,New York,PNC FINANCIAL SERVICES GROUP INC,PNC,USD,Bank,Deposits,CD,6MCDF,PNC CDs RT Organic,10000,,Offline,6,Fixed,,0.08%,www.mybanktracker.com
 2018-04-06,US,New York,PNC FINANCIAL SERVICES GROUP INC,PNC,USD,Bank,Deposits,CD,6MCDF,PNC CDs RT Organic,25000,,Offline,6,Fixed,,0.10%,www.mybanktracker.com
 2018-04-06,US,New York,PNC FINANCIAL SERVICES GROUP INC,PNC,USD,Bank,Deposits,CD,6MCDF,PNC CDs RT Organic,100000,,Offline,6,Fixed,,0.12%,www.mybanktracker.com
 2018-04-06,US,New York,PNC FINANCIAL SERVICES GROUP INC,PNC,USD,Bank,Deposits,CD,6MCDF,PNC CDs RT Organic,500000,,Offline,6,Fixed,,0.14%,www.mybanktracker.com
 2018-04-06,US,New York,PNC FINANCIAL SERVICES GROUP INC,PNC,USD,Bank,Deposits,CD,12MCDF,PNC CDs RT Organic,1,,Offline,12,Fixed,,0.04%,www.mybanktracker.com
 2018-04-06,US,New York,PNC FINANCIAL SERVICES GROUP INC,PNC,USD,Bank,Deposits,CD,12MCDF,PNC CDs RT Organic,1000,,Offline,12,Fixed,,0.15%,www.mybanktracker.com
 2018-04-06,US,New York,PNC FINANCIAL SERVICES GROUP INC,PNC,USD,Bank,Deposits,CD,12MCDF,PNC CDs RT Organic,10000,,Offline,12,Fixed,,0.18%,www.mybanktracker.com
 2018-04-06,US,New York,PNC FINANCIAL SERVICES GROUP INC,PNC,USD,Bank,Deposits,CD,12MCDF,PNC CDs RT Organic,25000,,Offline,12,Fixed,,0.20%,www.mybanktracker.com
 2018-04-06,US,New York,PNC FINANCIAL SERVICES GROUP INC,PNC,USD,Bank,Deposits,CD,12MCDF,PNC CDs RT Organic,100000,,Offline,12,Fixed,,0.22%,www.mybanktracker.com
 2018-04-06,US,New York,PNC FINANCIAL SERVICES GROUP INC,PNC,USD,Bank,Deposits,CD,12MCDF,PNC CDs RT Organic,500000,,Offline,12,Fixed,,0.24%,www.mybanktracker.com
 2018-04-06,US,New York,PNC FINANCIAL SERVICES GROUP INC,PNC,USD,Bank,Deposits,CD,36MCDF,PNC CDs RT Organic,1,,Offline,36,Fixed,,0.04%,www.mybanktracker.com
 2018-04-06,US,New York,PNC FINANCIAL SERVICES GROUP INC,PNC,USD,Bank,Deposits,CD,36MCDF,PNC CDs RT Organic,1000,,Offline,36,Fixed,,0.30%,www.mybanktracker.com
 2018-04-06,US,New York,PNC FINANCIAL SERVICES GROUP INC,PNC,USD,Bank,Deposits,CD,36MCDF,PNC CDs RT Organic,10000,,Offline,36,Fixed,,0.35%,www.mybanktracker.com
 2018-04-06,US,New York,PNC FINANCIAL SERVICES GROUP INC,PNC,USD,Bank,Deposits,CD,36MCDF,PNC CDs RT Organic,25000,,Offline,36,Fixed,,0.40%,www.mybanktracker.com
 2018-04-06,US,New York,PNC FINANCIAL SERVICES GROUP INC,PNC,USD,Bank,Deposits,CD,36MCDF,PNC CDs RT Organic,100000,,Offline,36,Fixed,,0.45%,www.mybanktracker.com
 2018-04-06,US,New York,PNC FINANCIAL SERVICES GROUP INC,PNC,USD,Bank,Deposits,CD,36MCDF,PNC CDs RT Organic,500000,,Offline,36,Fixed,,0.50%,www.mybanktracker.com
 2018-04-06,US,New York,JP MORGAN CHASE & Co.,JPM,USD,Bank,Deposits,CD,6MCDF,Chase CDs RT Organic,1000,,Offline,6,Fixed,,0.01%,www.mybanktracker.com
 2018-04-06,US,New York,JP MORGAN CHASE & Co.,JPM,USD,Bank,Deposits,CD,12MCDF,Chase CDs RT Organic,1000,,Offline,12,Fixed,,0.01%,www.mybanktracker.com
 2018-04-06,US,New York,CAPITAL ONE,COF,USD,Bank,Deposits,CD,36MCDF,360 CD,1,,Offline,36,Fixed,,2.30%,nerdwallet.com
 2018-04-06,US,New York,SYNCHRONY,SYF,USD,Bank,Deposits,CD,36MCDF,Certificate of Deposit,2000,,Online,36,Fixed,,2.25%,nerdwallet.com
 2018-04-06,US,New York,CAPITAL ONE,COF,USD,Bank,Deposits,CD,12MCDF,360 CD,1,,Offline,12,Fixed,,2.05%,nerdwallet.com
 2018-04-06,US,New York,SYNCHRONY,SYF,USD,Bank,Deposits,CD,12MCDF,Certificate of Deposit,2000,,Online,12,Fixed,,2.05%,nerdwallet.com
 2018-04-06,US,New York,ALLY,ALLY,USD,Bank,Deposits,CD,12MCDF,High Yield CD,25000,,Online,12,Fixed,,2.00%,nerdwallet.com
 2018-04-06,US,New York,ALLY,ALLY,USD,Bank,Deposits,CD,12MCDF,High Yield CD,5000,,Online,12,Fixed,,1.85%,nerdwallet.com
 2018-04-06,US,New York,ALLY,ALLY,USD,Bank,Deposits,CD,6MCDF,High Yield CD,25000,,Online,6,Fixed,,1.75%,nerdwallet.com
 2018-04-06,US,New York,ALLY,ALLY,USD,Bank,Deposits,CD,6MCDF,High Yield CD,5000,,Online,6,Fixed,,1.60%,nerdwallet.com
 2018-04-06,US,New York,ALLY,ALLY,USD,Bank,Deposits,CD,6MCDF,High Yield CD,1,,Online,6,Fixed,,1.50%,nerdwallet.com
 2018-04-06,US,New York,ALLY,ALLY,USD,Bank,Deposits,Checking,_MCCF,Interest Checking Account,,,Online,,Fixed,,,nerdwallet.com
 2018-04-06,US,New York,CITIGROUP INC,C,USD,Bank,Deposits,Checking,_MCCF,Access Account,1500,,Offline,,Fixed,,,nerdwallet.com
 2018-04-06,US,New York,CITIGROUP INC,C,USD,Bank,Deposits,Checking,_MCCF,Basic Checking,0,,Offline,,Fixed,,,nerdwallet.com
 2018-04-06,US,New York,CITIGROUP INC,C,USD,Bank,Deposits,Checking,_MCCF,Priority Checking,50000,,Offline,,Fixed,,,nerdwallet.com
 2018-04-06,US,New York,SYNCHRONY,SYF,USD,Bank,Deposits,Savings,_MSBF,High Yield Savings Account,0,,Online,,Fixed,,1.55%,nerdwallet.com
 2018-04-06,US,New York,CAPITAL ONE,COF,USD,Bank,Deposits,Savings,_MSBF,360 Money Market Account,10000,,Online,,Fixed,,1.50%,nerdwallet.com
 2018-04-06,US,New York,ALLY,ALLY,USD,Bank,Deposits,Savings,_MSBF,Online Savings Account,1,,Online,,Fixed,,1.45%,nerdwallet.com
 2018-04-06,US,New York,ALLY,ALLY,USD,Bank,Deposits,Savings,_MSBF,Ally Bank Savings Account,,,Online,,Fixed,1.45%,,us.deposits.org
 2018-04-06,US,New York,PNC FINANCIAL SERVICES GROUP INC,PNC,USD,Bank,Deposits,Savings,_MSBF,PNC Money Market Account,100,,Offline,,Fixed,0.17%,,us.deposits.org
 2018-04-06,US,New York,CITIGROUP INC,C,USD,Bank,Deposits,Savings,_MSBF,Citibank Savings Plus Account,,,Offline,,Fixed,0.13%,,us.deposits.org
 2018-04-06,US,New York,WELLS FARGO,WFC,USD,Bank,Deposits,Savings,_MSBF,Wells Fargo Business Platinum Savings Account,50,,Offline,,Fixed,0.06%,,us.deposits.org
 2018-04-06,US,New York,WELLS FARGO,WFC,USD,Bank,Deposits,CD,12MCDF,Wells Fargo 1 Year CD Rates,2500,,Offline,12,Fixed,0.10%,,us.deposits.org
