Date,Bank_Native_Country,State,Bank_Name,Ticker,Bank_Local_Currency,Bank_Type,Bank_Product,Bank_Product_Type,Bank_Product_Code,Bank_Product_Name,Balance,Minm_Balance,Maxm_Balance,Bank_Offer_Feature,Term_in_Months,Interest_Type,Interest,APY
 2018-03-19,US,New York,ALLY,ALLY,USD,Bank,Deposits,Savings,_MSBV,Online Savings,,,,Online,,Variable,,1.45%
 2018-03-19,US,New York,ALLY,ALLY,USD,Bank,Deposits,Savings,_MSBV,Money Market,,,"5,000",Online,,Variable,,0.90%
 2018-03-19,US,New York,ALLY,ALLY,USD,Bank,Deposits,Savings,_MSBV,Money Market,,"5,000",,Online,,Variable,,0.90%
 2018-03-19,US,New York,ALLY,ALLY,USD,Bank,Deposits,Savings,_MSBV,Money Market,,"25,000",,Online,,Variable,,1.00%
 2018-03-19,US,New York,ALLY,ALLY,USD,Bank,Deposits,CD,6MCDF,High Yield CDs_6 month,,,"5,000",Online,6.0,Fixed,,1.50%
 2018-03-19,US,New York,ALLY,ALLY,USD,Bank,Deposits,CD,12MCDF,High Yield CDs_12 month,,,"5,000",Online,12.0,Fixed,,1.75%
 2018-03-19,US,New York,ALLY,ALLY,USD,Bank,Deposits,CD,36MCDF,High Yield CDs_3 year,,,"5,000",Online,36.0,Fixed,,1.85%
 2018-03-19,US,New York,ALLY,ALLY,USD,Bank,Deposits,CD,6MCDF,High Yield CDs_6 month,,"5,000","24,999.99",Online,6.0,Fixed,,1.60%
 2018-03-19,US,New York,ALLY,ALLY,USD,Bank,Deposits,CD,12MCDF,High Yield CDs_12 month,,"5,000","24,999.99",Online,12.0,Fixed,,1.85%
 2018-03-19,US,New York,ALLY,ALLY,USD,Bank,Deposits,CD,36MCDF,High Yield CDs_3 year,,"5,000","24,999.99",Online,36.0,Fixed,,2.00%
 2018-03-19,US,New York,ALLY,ALLY,USD,Bank,Deposits,CD,6MCDF,High Yield CDs_6 month,,"25,000",,Online,6.0,Fixed,,1.75%
 2018-03-19,US,New York,ALLY,ALLY,USD,Bank,Deposits,CD,12MCDF,High Yield CDs_12 month,,"25,000",,Online,12.0,Fixed,,2.00%
 2018-03-19,US,New York,ALLY,ALLY,USD,Bank,Deposits,CD,36MCDF,High Yield CDs_3 year,,"25,000",,Online,36.0,Fixed,,2.10%
 2018-03-19,US,New York,ALLY,ALLY,USD,Bank,Deposits,Checking,_MCCV,Interest Checking Account,,,"15,000",Online,,Variable,,0.10%
 2018-03-19,US,New York,ALLY,ALLY,USD,Bank,Deposits,Checking,_MCCV,Interest Checking Account,,"15,000",,Online,,Variable,,0.60%
 2018-03-19,US,New York,BANK OF AMERICA CORP,BAC,USD,Bank,Deposits,Savings,_MSBV,Rewards Savings/Minor Savings,,,"2,500",Offline,,Variable,0.03%,0.03%
 2018-03-19,US,New York,BANK OF AMERICA CORP,BAC,USD,Bank,Deposits,Savings,_MSBV,Rewards Savings/Minor Savings,,"2,500",,Offline,,Variable,0.03%,0.03%
 2018-03-19,US,New York,BANK OF AMERICA CORP,BAC,USD,Bank,Deposits,Checking,_MCCV,Bank of America Interest Checking,,,"50,000",Offline,,Variable,0.01%,0.01%
 2018-03-19,US,New York,BANK OF AMERICA CORP,BAC,USD,Bank,Deposits,Checking,_MCCV,Bank of America Interest Checking,,"50,000","99,999",Offline,,Variable,0.02%,0.02%
 2018-03-19,US,New York,BANK OF AMERICA CORP,BAC,USD,Bank,Deposits,Checking,_MCCV,Bank of America Interest Checking,,"100,000",,Offline,,Variable,0.02%,0.02%
 2018-03-19,US,New York,BANK OF AMERICA CORP,BAC,USD,Bank,Deposits,CD,6MCDF,06 - 11 Months,,,"10,000",Offline,6.0,Fixed,0.03%,0.03%
 2018-03-19,US,New York,BANK OF AMERICA CORP,BAC,USD,Bank,Deposits,CD,12MCDF,12 - 17 Months,,,"10,000",Offline,12.0,Fixed,0.05%,0.05%
 2018-03-19,US,New York,BANK OF AMERICA CORP,BAC,USD,Bank,Deposits,CD,36MCDF,36 - 47 Months,,,"10,000",Offline,36.0,Fixed,0.55%,0.55%
 2018-03-19,US,New York,CAPITAL ONE,COF,USD,Bank,Deposits,Savings,_MSBV,360 Money Market,,,"10,000.00",Online,,Variable,0.847%,0.850%
 2018-03-19,US,New York,CAPITAL ONE,COF,USD,Bank,Deposits,Savings,_MSBV,360 Money Market,,"10,000.00",,Online,,Variable,1.490%,1.500%
 2018-03-19,US,New York,CAPITAL ONE,COF,USD,Bank,Deposits,Savings,_MSBV,360 Savings,,0,,Online,,Variable,0.995%,1.000%
 2018-03-19,US,New York,CAPITAL ONE,COF,USD,Bank,Deposits,Savings,_MSBV,360 IRA Savings Traditional,,0,,Online,,Variable,0.995%,1.000%
 2018-03-19,US,New York,CAPITAL ONE,COF,USD,Bank,Deposits,CD,6MCDF,360 CDs 12 months,,0,1000000,Online,6.0,Fixed,0.399%,0.400%
 2018-03-19,US,New York,CAPITAL ONE,COF,USD,Bank,Deposits,CD,12MCDF,360 CDs 12 months,,,,Online,12.0,Fixed,2.031%,2.050%
 2018-03-19,US,New York,CAPITAL ONE,COF,USD,Bank,Deposits,CD,36MCDF,360 CDs 12 months,,,,Online,36.0,Fixed,2.276%,2.300%
 2018-03-19,US,New York,CITIGROUP INC,C,USD,Bank,Deposits,Checking,_MCCV,Interest Checking Account,,,"25,000",Offline,,Variable,0.01%,0.01%
 2018-03-19,US,New York,CITIGROUP INC,C,USD,Bank,Deposits,Checking,_MCCV,Interest Checking Account,,"25,000","49,999.99",Offline,,Variable,0.01%,0.01%
 2018-03-19,US,New York,CITIGROUP INC,C,USD,Bank,Deposits,Checking,_MCCV,Interest Checking Account,,"50,000",,Offline,,Variable,0.01%,0.01%
 2018-03-19,US,New York,CITIGROUP INC,C,USD,Bank,Deposits,Savings,_MSBV,Citibank Account Package1,,,"10,000",Offline,,Variable,0.04%,0.04%
 2018-03-19,US,New York,CITIGROUP INC,C,USD,Bank,Deposits,Savings,_MSBV,Citibank Account Package1,,"10,000","24,999.99",Offline,,Variable,0.04%,0.04%
 2018-03-19,US,New York,CITIGROUP INC,C,USD,Bank,Deposits,Savings,_MSBV,Citibank Account Package1,,"25,000","49,999.99",Offline,,Variable,0.08%,0.08%
 2018-03-19,US,New York,CITIGROUP INC,C,USD,Bank,Deposits,Savings,_MSBV,Citibank Account Package1,,"50,000","99,999.99",Offline,,Variable,0.08%,0.08%
 2018-03-19,US,New York,CITIGROUP INC,C,USD,Bank,Deposits,Savings,_MSBV,Citibank Account Package1,,"100,000","499,999.99",Offline,,Variable,0.10%,0.10%
 2018-03-19,US,New York,CITIGROUP INC,C,USD,Bank,Deposits,Savings,_MSBV,Citibank Account Package1,,"500,000","999,999.99",Offline,,Variable,0.13%,0.13%
 2018-03-19,US,New York,CITIGROUP INC,C,USD,Bank,Deposits,Savings,_MSBV,Citibank Account Package1,,"1,000,000",,Offline,,Variable,0.13%,0.13%
 2018-03-19,US,New York,CITIGROUP INC,C,USD,Bank,Deposits,Savings,_MSBV,Basic Banking Package,,,"10,000",Offline,,Variable,0.04%,0.04%
 2018-03-19,US,New York,CITIGROUP INC,C,USD,Bank,Deposits,Savings,_MSBV,Basic Banking Package,,"10,000","24,999.99",Offline,,Variable,0.04%,0.04%
 2018-03-19,US,New York,CITIGROUP INC,C,USD,Bank,Deposits,Savings,_MSBV,Basic Banking Package,,"25,000","49,999.99",Offline,,Variable,0.06%,0.06%
 2018-03-19,US,New York,CITIGROUP INC,C,USD,Bank,Deposits,Savings,_MSBV,Basic Banking Package,,"50,000","99,999.99",Offline,,Variable,0.06%,0.06%
 2018-03-19,US,New York,CITIGROUP INC,C,USD,Bank,Deposits,Savings,_MSBV,Basic Banking Package,,"100,000","499,999.99",Offline,,Variable,0.06%,0.06%
 2018-03-19,US,New York,CITIGROUP INC,C,USD,Bank,Deposits,Savings,_MSBV,Basic Banking Package,,"500,000","999,999.99",Offline,,Variable,0.06%,0.06%
 2018-03-19,US,New York,CITIGROUP INC,C,USD,Bank,Deposits,Savings,_MSBV,Basic Banking Package,,"1,000,000",,Offline,,Variable,0.06%,0.06%
 2018-03-19,US,New York,CITIGROUP INC,C,USD,Bank,Deposits,Savings,_MSBV,Access Account Package,,,"10,000",Offline,,Variable,0.04%,0.04%
 2018-03-19,US,New York,CITIGROUP INC,C,USD,Bank,Deposits,Savings,_MSBV,Access Account Package,,"10,000","24,999.99",Offline,,Variable,0.04%,0.04%
 2018-03-19,US,New York,CITIGROUP INC,C,USD,Bank,Deposits,Savings,_MSBV,Access Account Package,,"25,000","49,999.99",Offline,,Variable,0.06%,0.06%
 2018-03-19,US,New York,CITIGROUP INC,C,USD,Bank,Deposits,Savings,_MSBV,Access Account Package,,"50,000","99,999.99",Offline,,Variable,0.06%,0.06%
 2018-03-19,US,New York,CITIGROUP INC,C,USD,Bank,Deposits,Savings,_MSBV,Access Account Package,,"100,000","499,999.99",Offline,,Variable,0.06%,0.06%
 2018-03-19,US,New York,CITIGROUP INC,C,USD,Bank,Deposits,Savings,_MSBV,Access Account Package,,"500,000","999,999.99",Offline,,Variable,0.06%,0.06%
 2018-03-19,US,New York,CITIGROUP INC,C,USD,Bank,Deposits,Savings,_MSBV,Access Account Package,,"1,000,000",,Offline,,Variable,0.06%,0.06%
 2018-03-19,US,New York,CITIGROUP INC,C,USD,Bank,Deposits,CD,6MCDF,6 months,,,"10,000",Offline,6.0,Fixed,0.07%,0.07%
 2018-03-19,US,New York,CITIGROUP INC,C,USD,Bank,Deposits,CD,6MCDF,6 months,,"10,000","24,999.99",Offline,6.0,Fixed,0.07%,0.07%
 2018-03-19,US,New York,CITIGROUP INC,C,USD,Bank,Deposits,CD,6MCDF,6 months,,"25,000","49,999.99",Offline,6.0,Fixed,0.07%,0.07%
 2018-03-19,US,New York,CITIGROUP INC,C,USD,Bank,Deposits,CD,6MCDF,6 months,,"50,000","99,999.99",Offline,6.0,Fixed,0.07%,0.07%
 2018-03-19,US,New York,CITIGROUP INC,C,USD,Bank,Deposits,CD,6MCDF,6 months,,"100,000","499,999.99",Offline,6.0,Fixed,0.07%,0.07%
 2018-03-19,US,New York,CITIGROUP INC,C,USD,Bank,Deposits,CD,6MCDF,6 months,,"500,000","999,999.99",Offline,6.0,Fixed,0.07%,0.07%
 2018-03-19,US,New York,CITIGROUP INC,C,USD,Bank,Deposits,CD,6MCDF,6 months,,"1,000,000",,Offline,6.0,Fixed,0.07%,0.07%
 2018-03-19,US,New York,CITIGROUP INC,C,USD,Bank,Deposits,CD,12MCDF,1 year,,,"10,000",Offline,12.0,Fixed,0.25%,0.25%
 2018-03-19,US,New York,CITIGROUP INC,C,USD,Bank,Deposits,CD,12MCDF,1 year,,"10,000","24,999.99",Offline,12.0,Fixed,0.25%,0.25%
 2018-03-19,US,New York,CITIGROUP INC,C,USD,Bank,Deposits,CD,12MCDF,1 year,,"25,000","49,999.99",Offline,12.0,Fixed,0.25%,0.25%
 2018-03-19,US,New York,CITIGROUP INC,C,USD,Bank,Deposits,CD,12MCDF,1 year,,"50,000","99,999.99",Offline,12.0,Fixed,0.25%,0.25%
 2018-03-19,US,New York,CITIGROUP INC,C,USD,Bank,Deposits,CD,12MCDF,1 year,,"100,000","499,999.99",Offline,12.0,Fixed,0.25%,0.25%
 2018-03-19,US,New York,CITIGROUP INC,C,USD,Bank,Deposits,CD,12MCDF,1 year,,"500,000","999,999.99",Offline,12.0,Fixed,0.25%,0.25%
 2018-03-19,US,New York,CITIGROUP INC,C,USD,Bank,Deposits,CD,12MCDF,1 year,,"1,000,000",,Offline,12.0,Fixed,0.25%,0.25%
 2018-03-19,US,New York,CITIGROUP INC,C,USD,Bank,Deposits,CD,36MCDF,3 years,,,"10,000",Offline,36.0,Fixed,0.70%,0.70%
 2018-03-19,US,New York,CITIGROUP INC,C,USD,Bank,Deposits,CD,36MCDF,3 years,,"10,000","24,999.99",Offline,36.0,Fixed,0.70%,0.70%
 2018-03-19,US,New York,CITIGROUP INC,C,USD,Bank,Deposits,CD,36MCDF,3 years,,"25,000","49,999.99",Offline,36.0,Fixed,0.70%,0.70%
 2018-03-19,US,New York,CITIGROUP INC,C,USD,Bank,Deposits,CD,36MCDF,3 years,,"50,000","99,999.99",Offline,36.0,Fixed,0.70%,0.70%
 2018-03-19,US,New York,CITIGROUP INC,C,USD,Bank,Deposits,CD,36MCDF,3 years,,"100,000","499,999.99",Offline,36.0,Fixed,0.70%,0.70%
 2018-03-19,US,New York,CITIGROUP INC,C,USD,Bank,Deposits,CD,36MCDF,3 years,,"500,000","999,999.99",Offline,36.0,Fixed,0.70%,0.70%
 2018-03-19,US,New York,CITIGROUP INC,C,USD,Bank,Deposits,CD,36MCDF,3 years,,"1,000,000",,Offline,36.0,Fixed,0.70%,0.70%
 2018-03-19,US,New York,JP MORGAN CHASE & Co.,JPM,USD,Bank,Deposits,Checking,_MCCV,Chase Premier Plus Checking SM,,0,"4,999",Offline,,Variable,0.01%,0.01%
 2018-03-19,US,New York,JP MORGAN CHASE & Co.,JPM,USD,Bank,Deposits,Checking,_MCCV,Chase Premier Plus Checking SM,,"5,000","9,999",Offline,,Variable,0.01%,0.01%
 2018-03-19,US,New York,JP MORGAN CHASE & Co.,JPM,USD,Bank,Deposits,Checking,_MCCV,Chase Premier Plus Checking SM,,"10,000","24,999",Offline,,Variable,0.01%,0.01%
 2018-03-19,US,New York,JP MORGAN CHASE & Co.,JPM,USD,Bank,Deposits,Checking,_MCCV,Chase Premier Plus Checking SM,,"25,000",,Offline,,Variable,0.01%,0.01%
 2018-03-19,US,New York,JP MORGAN CHASE & Co.,JPM,USD,Bank,Deposits,Savings,_MSBV,Chase Savings SM,,,,Offline,,Variable,0.01%,0.01%
 2018-03-19,US,New York,JP MORGAN CHASE & Co.,JPM,USD,Bank,Deposits,CD,6MCDF,CERTIFICATES OF DEPOSIT (CD),,"1,000",,Offline,6.0,Fixed,0.01%,0.01%
 2018-03-19,US,New York,JP MORGAN CHASE & Co.,JPM,USD,Bank,Deposits,CD,12MCDF,CERTIFICATES OF DEPOSIT (CD),,"1,000",,Offline,12.0,Fixed,0.01%,0.01%
 2018-03-19,US,New York,JP MORGAN CHASE & Co.,JPM,USD,Bank,Deposits,CD,36MCDF,CERTIFICATES OF DEPOSIT (CD),,"1,000",,Offline,36.0,Fixed,0.05%,0.05%
 2018-03-19,US,New York,PNC FINANCIAL SERVICES GROUP INC,PNC,USD,Bank,Deposits,Checking,_MCCV,Performance Interest Checking,,10000.0,49999.99,offline,,Variable,0.01%,0.01%
 2018-03-19,US,New York,PNC FINANCIAL SERVICES GROUP INC,PNC,USD,Bank,Deposits,Checking,_MCCV,Performance Interest Checking,,50000.0,99999.99,offline,,Variable,0.01%,0.01%
 2018-03-19,US,New York,PNC FINANCIAL SERVICES GROUP INC,PNC,USD,Bank,Deposits,Checking,_MCCV,Performance Interest Checking,,100000.0,,offline,,Variable,0.01%,0.01%
 2018-03-19,US,New York,PNC FINANCIAL SERVICES GROUP INC,PNC,USD,Bank,Deposits,Checking,_MCCV,Performance Select Interest Checking,,2000.0,9999.99,offline,,Variable,0.01%,0.01%
 2018-03-19,US,New York,PNC FINANCIAL SERVICES GROUP INC,PNC,USD,Bank,Deposits,Checking,_MCCV,Performance Select Interest Checking,,10000.0,49999.99,offline,,Variable,0.01%,0.01%
 2018-03-19,US,New York,PNC FINANCIAL SERVICES GROUP INC,PNC,USD,Bank,Deposits,Checking,_MCCV,Performance Select Interest Checking,,50000.0,99999.99,offline,,Variable,0.01%,0.01%
 2018-03-19,US,New York,PNC FINANCIAL SERVICES GROUP INC,PNC,USD,Bank,Deposits,Checking,_MCCV,Performance Select Interest Checking,,100000.0,,offline,,Variable,0.01%,0.01%
 2018-03-19,US,New York,PNC FINANCIAL SERVICES GROUP INC,PNC,USD,Bank,Deposits,Savings,_MSBV,Standard Rates,,1.0,2499.99,offline,,Variable,0.01%,0.01%
 2018-03-19,US,New York,PNC FINANCIAL SERVICES GROUP INC,PNC,USD,Bank,Deposits,Savings,_MSBV,Standard Rates,,2500.0,,offline,,Variable,0.01%,0.01%
 2018-03-19,US,New York,PNC FINANCIAL SERVICES GROUP INC,PNC,USD,Bank,Deposits,Savings,_MSBV,'S' is for Savings,,1.0,499.99,offline,,Variable,0.01%,0.01%
 2018-03-19,US,New York,PNC FINANCIAL SERVICES GROUP INC,PNC,USD,Bank,Deposits,Savings,_MSBV,'S' is for Savings,,500.0,1499.99,offline,,Variable,0.01%,0.01%
 2018-03-19,US,New York,PNC FINANCIAL SERVICES GROUP INC,PNC,USD,Bank,Deposits,Savings,_MSBV,'S' is for Savings,,1500.0,,offline,,Variable,0.01%,0.01%
 2018-03-19,US,New York,PNC FINANCIAL SERVICES GROUP INC,PNC,USD,Bank,Deposits,Money Market,_MCDV,Premiere Money Market Account,,1.0,9999.99,offline,,Variable,0.03%,0.03%
 2018-03-19,US,New York,PNC FINANCIAL SERVICES GROUP INC,PNC,USD,Bank,Deposits,Money Market,_MCDV,Premiere Money Market Account,,10000.0,24999.99,offline,,Variable,0.09%,0.09%
 2018-03-19,US,New York,PNC FINANCIAL SERVICES GROUP INC,PNC,USD,Bank,Deposits,Money Market,_MCDV,Premiere Money Market Account,,25000.0,49999.99,offline,,Variable,0.11%,0.11%
 2018-03-19,US,New York,PNC FINANCIAL SERVICES GROUP INC,PNC,USD,Bank,Deposits,Money Market,_MCDV,Premiere Money Market Account,,50000.0,99999.99,offline,,Variable,0.13%,0.13%
 2018-03-19,US,New York,PNC FINANCIAL SERVICES GROUP INC,PNC,USD,Bank,Deposits,Money Market,_MCDV,Premiere Money Market Account,,100000.0,249999.99,offline,,Variable,0.15%,0.15%
 2018-03-19,US,New York,PNC FINANCIAL SERVICES GROUP INC,PNC,USD,Bank,Deposits,Money Market,_MCDV,Premiere Money Market Account,,250000.0,499999.99,offline,,Variable,0.15%,0.15%
 2018-03-19,US,New York,PNC FINANCIAL SERVICES GROUP INC,PNC,USD,Bank,Deposits,Money Market,_MCDV,Premiere Money Market Account,,500000.0,999999.99,offline,,Variable,0.17%,0.17%
 2018-03-19,US,New York,PNC FINANCIAL SERVICES GROUP INC,PNC,USD,Bank,Deposits,Money Market,_MCDV,Premiere Money Market Account,,1000000.0,,offline,,Variable,0.17%,0.17%
 2018-03-19,US,New York,PNC FINANCIAL SERVICES GROUP INC,PNC,USD,Bank,Deposits,CD,6MCDF,Fixed Rate Certificate of Deposit,,1.0,999.99,offline,6.0,Fixed,0.04%,0.04%
 2018-03-19,US,New York,PNC FINANCIAL SERVICES GROUP INC,PNC,USD,Bank,Deposits,CD,6MCDF,Fixed Rate Certificate of Deposit,,1000.0,9999.99,offline,6.0,Fixed,0.06%,0.06%
 2018-03-19,US,New York,PNC FINANCIAL SERVICES GROUP INC,PNC,USD,Bank,Deposits,CD,6MCDF,Fixed Rate Certificate of Deposit,,10000.0,24999.99,offline,6.0,Fixed,0.08%,0.08%
 2018-03-19,US,New York,PNC FINANCIAL SERVICES GROUP INC,PNC,USD,Bank,Deposits,CD,6MCDF,Fixed Rate Certificate of Deposit,,25000.0,99999.99,offline,6.0,Fixed,0.1%,0.1%
 2018-03-19,US,New York,PNC FINANCIAL SERVICES GROUP INC,PNC,USD,Bank,Deposits,CD,6MCDF,Fixed Rate Certificate of Deposit,,100000.0,499999.99,offline,6.0,Fixed,0.12%,0.12%
 2018-03-19,US,New York,PNC FINANCIAL SERVICES GROUP INC,PNC,USD,Bank,Deposits,CD,6MCDF,Fixed Rate Certificate of Deposit,,500000.0,,offline,6.0,Fixed,0.14%,0.14%
 2018-03-19,US,New York,PNC FINANCIAL SERVICES GROUP INC,PNC,USD,Bank,Deposits,CD,12MCDF,Fixed Rate Certificate of Deposit,,1.0,999.99,offline,12.0,Fixed,0.04%,0.04%
 2018-03-19,US,New York,PNC FINANCIAL SERVICES GROUP INC,PNC,USD,Bank,Deposits,CD,12MCDF,Fixed Rate Certificate of Deposit,,1000.0,9999.99,offline,12.0,Fixed,0.15%,0.15%
 2018-03-19,US,New York,PNC FINANCIAL SERVICES GROUP INC,PNC,USD,Bank,Deposits,CD,12MCDF,Fixed Rate Certificate of Deposit,,10000.0,24999.99,offline,12.0,Fixed,0.18%,0.18%
 2018-03-19,US,New York,PNC FINANCIAL SERVICES GROUP INC,PNC,USD,Bank,Deposits,CD,12MCDF,Fixed Rate Certificate of Deposit,,25000.0,99999.99,offline,12.0,Fixed,0.2%,0.2%
 2018-03-19,US,New York,PNC FINANCIAL SERVICES GROUP INC,PNC,USD,Bank,Deposits,CD,12MCDF,Fixed Rate Certificate of Deposit,,100000.0,499999.99,offline,12.0,Fixed,0.22%,0.22%
 2018-03-19,US,New York,PNC FINANCIAL SERVICES GROUP INC,PNC,USD,Bank,Deposits,CD,12MCDF,Fixed Rate Certificate of Deposit,,500000.0,,offline,12.0,Fixed,0.24%,0.24%
 2018-03-19,US,New York,PNC FINANCIAL SERVICES GROUP INC,PNC,USD,Bank,Deposits,CD,36MCDF,Fixed Rate Certificate of Deposit,,1.0,999.99,offline,36.0,Fixed,0.04%,0.04%
 2018-03-19,US,New York,PNC FINANCIAL SERVICES GROUP INC,PNC,USD,Bank,Deposits,CD,36MCDF,Fixed Rate Certificate of Deposit,,1000.0,9999.99,offline,36.0,Fixed,0.3%,0.3%
 2018-03-19,US,New York,PNC FINANCIAL SERVICES GROUP INC,PNC,USD,Bank,Deposits,CD,36MCDF,Fixed Rate Certificate of Deposit,,10000.0,24999.99,offline,36.0,Fixed,0.35%,0.35%
 2018-03-19,US,New York,PNC FINANCIAL SERVICES GROUP INC,PNC,USD,Bank,Deposits,CD,36MCDF,Fixed Rate Certificate of Deposit,,25000.0,99999.99,offline,36.0,Fixed,0.4%,0.4%
 2018-03-19,US,New York,PNC FINANCIAL SERVICES GROUP INC,PNC,USD,Bank,Deposits,CD,36MCDF,Fixed Rate Certificate of Deposit,,100000.0,499999.99,offline,36.0,Fixed,0.45%,0.45%
 2018-03-19,US,New York,PNC FINANCIAL SERVICES GROUP INC,PNC,USD,Bank,Deposits,CD,36MCDF,Fixed Rate Certificate of Deposit,,500000.0,,offline,36.0,Fixed,0.5%,0.5%
 2018-03-19,US,New York,PNC FINANCIAL SERVICES GROUP INC,PNC,USD,Bank,Deposits,CD,12MCDF,Ready Access Certificate of Deposit,,1000.0,,offline,12.0,Fixed,0.15%,0.15%
 2018-03-19,US,New York,SUNTRUST BANKS INC,STI,USD,Bank,Deposits,Savings,_MSBV,Essential Savings,,0,,Offline,,Variable,,
 2018-03-19,US,New York,SUNTRUST BANKS INC,STI,USD,Bank,Deposits,Savings,_MSBV,Select Savings,,"1,000",,Offline,,Variable,0.01%,0.01%
 2018-03-19,US,New York,SUNTRUST BANKS INC,STI,USD,Bank,Deposits,Savings,_MSBV,Select Savings,,,"2,499.99",Offline,,Variable,,
 2018-03-19,US,New York,SUNTRUST BANKS INC,STI,USD,Bank,Deposits,Savings,_MSBV,Select Savings,,"2,500","9,999.99",Offline,,Variable,,
 2018-03-19,US,New York,SUNTRUST BANKS INC,STI,USD,Bank,Deposits,Savings,_MSBV,Select Savings,,"10,000","24,999.99",Offline,,Variable,,
 2018-03-19,US,New York,SUNTRUST BANKS INC,STI,USD,Bank,Deposits,Savings,_MSBV,Select Savings,,"25,000","49,999.99",Offline,,Variable,,
 2018-03-19,US,New York,SUNTRUST BANKS INC,STI,USD,Bank,Deposits,Savings,_MSBV,Select Savings,,"50,000","99,999.99",Offline,,Variable,,
 2018-03-19,US,New York,SUNTRUST BANKS INC,STI,USD,Bank,Deposits,Savings,_MSBV,Select Savings,,"100,000","249,999.99",Offline,,Variable,,
 2018-03-19,US,New York,SUNTRUST BANKS INC,STI,USD,Bank,Deposits,Savings,_MSBV,Select Savings,,"250,000","499,999.99",Offline,,Variable,,
 2018-03-19,US,New York,SUNTRUST BANKS INC,STI,USD,Bank,Deposits,Savings,_MSBV,Select Savings,,"500,000","999,999.99",Offline,,Variable,,
 2018-03-19,US,New York,SUNTRUST BANKS INC,STI,USD,Bank,Deposits,Savings,_MSBV,Select Savings,,1,,Offline,,Variable,,
 2018-03-19,US,New York,SUNTRUST BANKS INC,STI,USD,Bank,Deposits,Savings,_MSBV,Balanced Banking,,"3,000",,Offline,,Variable,,
 2018-03-19,US,New York,SUNTRUST BANKS INC,STI,USD,Bank,Deposits,Checking,_MCCV,Essential Checking,,500,,Offline,,Variable,,
 2018-03-19,US,New York,SUNTRUST BANKS INC,STI,USD,Bank,Deposits,Checking,_MCCV,Select Checking,,,"2,499.99",Offline,,Variable,,0.01%
 2018-03-19,US,New York,SUNTRUST BANKS INC,STI,USD,Bank,Deposits,Checking,_MCCV,Select Checking,,"2,500","9,999.99",Offline,,Variable,,0.01%
 2018-03-19,US,New York,SUNTRUST BANKS INC,STI,USD,Bank,Deposits,Checking,_MCCV,Select Checking,,"10,000","24,999.99",Offline,,Variable,,0.01%
 2018-03-19,US,New York,SUNTRUST BANKS INC,STI,USD,Bank,Deposits,Checking,_MCCV,Select Checking,,"25,000",,Offline,,Variable,,0.01%
 2018-03-19,US,New York,SUNTRUST BANKS INC,STI,USD,Bank,Deposits,Checking,_MCCV,Signature Advantage Checking,,,"9,999.99",Offline,,Variable,,0.01%
 2018-03-19,US,New York,SUNTRUST BANKS INC,STI,USD,Bank,Deposits,Checking,_MCCV,Signature Advantage Checking,,"10,000","24,999.99",Offline,,Variable,,0.01%
 2018-03-19,US,New York,SUNTRUST BANKS INC,STI,USD,Bank,Deposits,Checking,_MCCV,Signature Advantage Checking,,"25,000","49,999.99",Offline,,Variable,,0.01%
 2018-03-19,US,New York,SUNTRUST BANKS INC,STI,USD,Bank,Deposits,Checking,_MCCV,Signature Advantage Checking,,"50,000","99,999.99",Offline,,Variable,,0.01%
 2018-03-19,US,New York,SUNTRUST BANKS INC,STI,USD,Bank,Deposits,Checking,_MCCV,Signature Advantage Checking,,"100,000","249,999.99",Offline,,Variable,,0.01%
 2018-03-19,US,New York,SUNTRUST BANKS INC,STI,USD,Bank,Deposits,Checking,_MCCV,Signature Advantage Checking,,"250,000","499,999.99",Offline,,Variable,,0.01%
 2018-03-19,US,New York,SUNTRUST BANKS INC,STI,USD,Bank,Deposits,Checking,_MCCV,Signature Advantage Checking,,"500,000","999,999.99",Offline,,Variable,,0.01%
 2018-03-19,US,New York,SUNTRUST BANKS INC,STI,USD,Bank,Deposits,Checking,_MCCV,Signature Advantage Checking,,"1,000,000","1,999,999.99",Offline,,Variable,,0.01%
 2018-03-19,US,New York,SUNTRUST BANKS INC,STI,USD,Bank,Deposits,Checking,_MCCV,Signature Advantage Checking,,"2,000,000",,Offline,,Variable,,0.01%
 2018-03-19,US,New York,SUNTRUST BANKS INC,STI,USD,Bank,Deposits,Savings,_MSBV,Signature Advantage Brokerage,,,"9,999.99",Offline,,Variable,,0.01%
 2018-03-19,US,New York,SUNTRUST BANKS INC,STI,USD,Bank,Deposits,Savings,_MSBV,Signature Advantage Brokerage,,"10,000","24,999.99",Offline,,Variable,,0.03%
 2018-03-19,US,New York,SUNTRUST BANKS INC,STI,USD,Bank,Deposits,Savings,_MSBV,Signature Advantage Brokerage,,"25,000","49,999.99",Offline,,Variable,,0.05%
 2018-03-19,US,New York,SUNTRUST BANKS INC,STI,USD,Bank,Deposits,Savings,_MSBV,Signature Advantage Brokerage,,"50,000","99,999.99",Offline,,Variable,,0.05%
 2018-03-19,US,New York,SUNTRUST BANKS INC,STI,USD,Bank,Deposits,Savings,_MSBV,Signature Advantage Brokerage,,"100,000","249,999.99",Offline,,Variable,,0.05%
 2018-03-19,US,New York,SUNTRUST BANKS INC,STI,USD,Bank,Deposits,Savings,_MSBV,Signature Advantage Brokerage,,"250,000","499,999.99",Offline,,Variable,,0.05%
 2018-03-19,US,New York,SUNTRUST BANKS INC,STI,USD,Bank,Deposits,Savings,_MSBV,Signature Advantage Brokerage,,"500,000","999,999.99",Offline,,Variable,,0.05%
 2018-03-19,US,New York,SUNTRUST BANKS INC,STI,USD,Bank,Deposits,Savings,_MSBV,Signature Advantage Brokerage,,"1,000,000","1,999,999.99",Offline,,Variable,,0.05%
 2018-03-19,US,New York,SUNTRUST BANKS INC,STI,USD,Bank,Deposits,Savings,_MSBV,Signature Advantage Brokerage,,"2,000,000",,Offline,,Variable,,0.05%
 2018-03-19,US,New York,SYNCHRONY,SYF,USD,Bank,Deposits,CD,6MCDF,CD_6-month,,"2,000",,Online,6.0,Fixed,,1.00%
 2018-03-19,US,New York,SYNCHRONY,SYF,USD,Bank,Deposits,CD,12MCDF,CD_12-month,,"2,000",,Online,12.0,Fixed,,1.95%
 2018-03-19,US,New York,SYNCHRONY,SYF,USD,Bank,Deposits,CD,36MCDF,CD_36-month,,"2,000",,Online,36.0,Fixed,,2.05%
 2018-03-19,US,New York,SYNCHRONY,SYF,USD,Bank,Deposits,Savings,_MSBV,Money Market Rates and Terms,,,"4,999",Online,,Variable,,1.05% 
 2018-03-19,US,New York,SYNCHRONY,SYF,USD,Bank,Deposits,Savings,_MSBV,Money Market Rates and Terms,,"5,000","24,999",Online,,Variable,,1.05% 
 2018-03-19,US,New York,SYNCHRONY,SYF,USD,Bank,Deposits,Savings,_MSBV,Money Market Rates and Terms,,"25,000",,Online,,Variable,,1.05% 
 2018-03-19,US,New York,SYNCHRONY,SYF,USD,Bank,Deposits,Savings,_MSBV,HYS Rates and Terms,,,"4,999",Online,,Variable,,1.55% 
 2018-03-19,US,New York,SYNCHRONY,SYF,USD,Bank,Deposits,Savings,_MSBV,HYS Rates and Terms,,"5,000","24,999",Online,,Variable,,1.55% 
 2018-03-19,US,New York,SYNCHRONY,SYF,USD,Bank,Deposits,Savings,_MSBV,HYS Rates and Terms,,"25,000",,Online,,Variable,,1.55% 
 2018-03-19,US,New York,WELLS FARGO,WFC,USD,Bank,Deposits,Checking,_MCCV,Wells Fargo Everyday Checking,,,,Offline,,Variable,,
 2018-03-19,US,New York,WELLS FARGO,WFC,USD,Bank,Deposits,Savings,_MSBV,Wells Fargo Way2Save,,0,,Offline,,Variable,0.01%,0.01%
 2018-03-19,US,New York,WELLS FARGO,WFC,USD,Bank,Deposits,Savings,_MSBV,Platinum Savings - Standard Interest,,0,"99,999.99",Offline,,Variable,0.03%,0.03%
 2018-03-19,US,New York,WELLS FARGO,WFC,USD,Bank,Deposits,Savings,_MSBV,Platinum Savings - Standard Interest,,"100,000",,Offline,,Variable,0.05%,0.05%
 2018-03-19,US,New York,WELLS FARGO,WFC,USD,Bank,Deposits,CD,6MCDF,CD,,0,"4,999.99",Offline,6.0,Fixed,0.05%,0.05%
 2018-03-19,US,New York,WELLS FARGO,WFC,USD,Bank,Deposits,CD,6MCDF,CD,,"5,000","9,999.99",Offline,6.0,Fixed,0.05%,0.05%
 2018-03-19,US,New York,WELLS FARGO,WFC,USD,Bank,Deposits,CD,6MCDF,CD,,"10,000","24,999.99",Offline,6.0,Fixed,0.05%,0.05%
 2018-03-19,US,New York,WELLS FARGO,WFC,USD,Bank,Deposits,CD,6MCDF,CD,,"25,000","49,999.99",Offline,6.0,Fixed,0.05%,0.05%
 2018-03-19,US,New York,WELLS FARGO,WFC,USD,Bank,Deposits,CD,6MCDF,CD,,"50,000","99,999.99",Offline,6.0,Fixed,0.05%,0.05%
 2018-03-19,US,New York,WELLS FARGO,WFC,USD,Bank,Deposits,CD,6MCDF,CD,,"100,000",,Offline,6.0,Fixed,0.05%,0.05%
 2018-03-19,US,New York,WELLS FARGO,WFC,USD,Bank,Deposits,CD,12MCDF,CD,,0,"4,999.99",Offline,12.0,Fixed,0.10%,0.10%
 2018-03-19,US,New York,WELLS FARGO,WFC,USD,Bank,Deposits,CD,12MCDF,CD,,"5,000","9,999.99",Offline,12.0,Fixed,0.10%,0.10%
 2018-03-19,US,New York,WELLS FARGO,WFC,USD,Bank,Deposits,CD,12MCDF,CD,,"10,000","24,999.99",Offline,12.0,Fixed,0.10%,0.10%
 2018-03-19,US,New York,WELLS FARGO,WFC,USD,Bank,Deposits,CD,12MCDF,CD,,"25,000","49,999.99",Offline,12.0,Fixed,0.10%,0.10%
 2018-03-19,US,New York,WELLS FARGO,WFC,USD,Bank,Deposits,CD,12MCDF,CD,,"50,000","99,999.99",Offline,12.0,Fixed,0.10%,0.10%
 2018-03-19,US,New York,WELLS FARGO,WFC,USD,Bank,Deposits,CD,12MCDF,CD,,"100,000",,Offline,12.0,Fixed,0.10%,0.10%
